P_sat,T
15259,250
15301,250.05
15343,250.1
15385,250.15
15427,250.2
15470,250.25
15512,250.3
15555,250.35
15598,250.4
15640,250.45
15683,250.5
15726,250.55
15769,250.6
15812,250.65
15856,250.7
15899,250.75
15943,250.8
15986,250.85
16030,250.9
16074,250.95
16117,251
16161,251.05
16206,251.1
16250,251.15
16294,251.2
16338,251.25
16383,251.3
16427,251.35
16472,251.4
16517,251.45
16562,251.5
16607,251.55
16652,251.6
16697,251.65
16742,251.7
16787,251.75
16833,251.8
16878,251.85
16924,251.9
16970,251.95
17016,252
17062,252.05
17108,252.1
17154,252.15
17200,252.2
17246,252.25
17293,252.3
17339,252.35
17386,252.4
17433,252.45
17480,252.5
17527,252.55
17574,252.6
17621,252.65
17668,252.7
17716,252.75
17763,252.8
17811,252.85
17859,252.9
17906,252.95
17954,253
18002,253.05
18050,253.1
18099,253.15
18147,253.2
18195,253.25
18244,253.3
18293,253.35
18341,253.4
18390,253.45
18439,253.5
18488,253.55
18538,253.6
18587,253.65
18636,253.7
18686,253.75
18735,253.8
18785,253.85
18835,253.9
18885,253.95
18935,254
18985,254.05
19035,254.1
19086,254.15
19136,254.2
19187,254.25
19237,254.3
19288,254.35
19339,254.4
19390,254.45
19441,254.5
19493,254.55
19544,254.6
19595,254.65
19647,254.7
19699,254.75
19751,254.8
19802,254.85
19854,254.9
19907,254.95
19959,255
20011,255.05
20064,255.1
20116,255.15
20169,255.2
20222,255.25
20275,255.3
20328,255.35
20381,255.4
20434,255.45
20488,255.5
20541,255.55
20595,255.6
20648,255.65
20702,255.7
20756,255.75
20810,255.8
20864,255.85
20919,255.9
20973,255.95
21028,256
21082,256.05
21137,256.1
21192,256.15
21247,256.2
21302,256.25
21357,256.3
21412,256.35
21468,256.4
21523,256.45
21579,256.5
21635,256.55
21691,256.6
21747,256.65
21803,256.7
21859,256.75
21916,256.8
21972,256.85
22029,256.9
22086,256.95
22142,257
22199,257.05
22257,257.1
22314,257.15
22371,257.2
22429,257.25
22486,257.3
22544,257.35
22602,257.4
22660,257.45
22718,257.5
22776,257.55
22834,257.6
22893,257.65
22951,257.7
23010,257.75
23069,257.8
23128,257.85
23187,257.9
23246,257.95
23305,258
23364,258.05
23424,258.1
23484,258.15
23543,258.2
23603,258.25
23663,258.3
23723,258.35
23784,258.4
23844,258.45
23905,258.5
23965,258.55
24026,258.6
24087,258.65
24148,258.7
24209,258.75
24270,258.8
24332,258.85
24393,258.9
24455,258.95
24517,259
24579,259.05
24641,259.1
24703,259.15
24765,259.2
24827,259.25
24890,259.3
24953,259.35
25015,259.4
25078,259.45
25141,259.5
25205,259.55
25268,259.6
25331,259.65
25395,259.7
25459,259.75
25522,259.8
25586,259.85
25650,259.9
25715,259.95
25779,260
25843,260.05
25908,260.1
25973,260.15
26038,260.2
26103,260.25
26168,260.3
26233,260.35
26298,260.4
26364,260.45
26430,260.5
26495,260.55
26561,260.6
26627,260.65
26694,260.7
26760,260.75
26826,260.8
26893,260.85
26960,260.9
27027,260.95
27094,261
27161,261.05
27228,261.1
27295,261.15
27363,261.2
27431,261.25
27498,261.3
27566,261.35
27634,261.4
27703,261.45
27771,261.5
27839,261.55
27908,261.6
27977,261.65
28046,261.7
28115,261.75
28184,261.8
28253,261.85
28323,261.9
28392,261.95
28462,262
28532,262.05
28602,262.1
28672,262.15
28742,262.2
28813,262.25
28883,262.3
28954,262.35
29025,262.4
29096,262.45
29167,262.5
29238,262.55
29309,262.6
29381,262.65
29453,262.7
29524,262.75
29596,262.8
29669,262.85
29741,262.9
29813,262.95
29886,263
29958,263.05
30031,263.1
30104,263.15
30177,263.2
30250,263.25
30324,263.3
30397,263.35
30471,263.4
30545,263.45
30619,263.5
30693,263.55
30767,263.6
30842,263.65
30916,263.7
30991,263.75
31066,263.8
31141,263.85
31216,263.9
31291,263.95
31366,264
31442,264.05
31518,264.1
31594,264.15
31670,264.2
31746,264.25
31822,264.3
31899,264.35
31975,264.4
32052,264.45
32129,264.5
32206,264.55
32283,264.6
32360,264.65
32438,264.7
32516,264.75
32593,264.8
32671,264.85
32749,264.9
32828,264.95
32906,265
32985,265.05
33063,265.1
33142,265.15
33221,265.2
33300,265.25
33380,265.3
33459,265.35
33539,265.4
33618,265.45
33698,265.5
33778,265.55
33859,265.6
33939,265.65
34019,265.7
34100,265.75
34181,265.8
34262,265.85
34343,265.9
34424,265.95
34506,266
34587,266.05
34669,266.1
34751,266.15
34833,266.2
34915,266.25
34998,266.3
35080,266.35
35163,266.4
35246,266.45
35329,266.5
35412,266.55
35495,266.6
35579,266.65
35663,266.7
35746,266.75
35830,266.8
35914,266.85
35999,266.9
36083,266.95
36168,267
36252,267.05
36337,267.1
36422,267.15
36508,267.2
36593,267.25
36679,267.3
36764,267.35
36850,267.4
36936,267.45
37022,267.5
37109,267.55
37195,267.6
37282,267.65
37369,267.7
37456,267.75
37543,267.8
37630,267.85
37718,267.9
37806,267.95
37893,268
37981,268.05
38070,268.1
38158,268.15
38246,268.2
38335,268.25
38424,268.3
38513,268.35
38602,268.4
38691,268.45
38781,268.5
38870,268.55
38960,268.6
39050,268.65
39140,268.7
39231,268.75
39321,268.8
39412,268.85
39503,268.9
39594,268.95
39685,269
39776,269.05
39867,269.1
39959,269.15
40051,269.2
40143,269.25
40235,269.3
40327,269.35
40420,269.4
40513,269.45
40605,269.5
40698,269.55
40792,269.6
40885,269.65
40979,269.7
41072,269.75
41166,269.8
41260,269.85
41354,269.9
41449,269.95
41543,270
41638,270.05
41733,270.1
41828,270.15
41923,270.2
42019,270.25
42114,270.3
42210,270.35
42306,270.4
42402,270.45
42498,270.5
42595,270.55
42692,270.6
42788,270.65
42885,270.7
42983,270.75
43080,270.8
43177,270.85
43275,270.9
43373,270.95
43471,271
43569,271.05
43668,271.1
43766,271.15
43865,271.2
43964,271.25
44063,271.3
44162,271.35
44262,271.4
44362,271.45
44461,271.5
44562,271.55
44662,271.6
44762,271.65
44863,271.7
44963,271.75
45064,271.8
45165,271.85
45267,271.9
45368,271.95
45470,272
45572,272.05
45674,272.1
45776,272.15
45878,272.2
45981,272.25
46084,272.3
46187,272.35
46290,272.4
46393,272.45
46496,272.5
46600,272.55
46704,272.6
46808,272.65
46912,272.7
47017,272.75
47121,272.8
47226,272.85
47331,272.9
47436,272.95
47541,273
47647,273.05
47753,273.1
47859,273.15
47965,273.2
48071,273.25
48177,273.3
48284,273.35
48391,273.4
48498,273.45
48605,273.5
48713,273.55
48820,273.6
48928,273.65
49036,273.7
49144,273.75
49253,273.8
49361,273.85
49470,273.9
49579,273.95
49688,274
49797,274.05
49907,274.1
50016,274.15
50126,274.2
50236,274.25
50347,274.3
50457,274.35
50568,274.4
50679,274.45
50790,274.5
50901,274.55
51012,274.6
51124,274.65
51236,274.7
51348,274.75
51460,274.8
51572,274.85
51685,274.9
51798,274.95
51911,275
52024,275.05
52137,275.1
52251,275.15
52365,275.2
52479,275.25
52593,275.3
52707,275.35
52822,275.4
52937,275.45
53052,275.5
53167,275.55
53282,275.6
53398,275.65
53514,275.7
53630,275.75
53746,275.8
53862,275.85
53979,275.9
54096,275.95
54213,276
54330,276.05
54447,276.1
54565,276.15
54682,276.2
54800,276.25
54919,276.3
55037,276.35
55156,276.4
55274,276.45
55393,276.5
55513,276.55
55632,276.6
55752,276.65
55871,276.7
55991,276.75
56112,276.8
56232,276.85
56353,276.9
56474,276.95
56595,277
56716,277.05
56837,277.1
56959,277.15
57081,277.2
57203,277.25
57325,277.3
57448,277.35
57571,277.4
57693,277.45
57817,277.5
57940,277.55
58063,277.6
58187,277.65
58311,277.7
58435,277.75
58560,277.8
58684,277.85
58809,277.9
58934,277.95
59059,278
59185,278.05
59310,278.1
59436,278.15
59562,278.2
59689,278.25
59815,278.3
59942,278.35
60069,278.4
60196,278.45
60323,278.5
60451,278.55
60579,278.6
60707,278.65
60835,278.7
60963,278.75
61092,278.8
61221,278.85
61350,278.9
61479,278.95
61609,279
61738,279.05
61868,279.1
61998,279.15
62129,279.2
62259,279.25
62390,279.3
62521,279.35
62652,279.4
62784,279.45
62916,279.5
63048,279.55
63180,279.6
63312,279.65
63445,279.7
63577,279.75
63710,279.8
63843,279.85
63977,279.9
64111,279.95
64244,280
64379,280.05
64513,280.1
64647,280.15
64782,280.2
64917,280.25
65052,280.3
65188,280.35
65324,280.4
65459,280.45
65596,280.5
65732,280.55
65868,280.6
66005,280.65
66142,280.7
66279,280.75
66417,280.8
66555,280.85
66692,280.9
66831,280.95
66969,281
67108,281.05
67246,281.1
67385,281.15
67525,281.2
67664,281.25
67804,281.3
67944,281.35
68084,281.4
68224,281.45
68365,281.5
68506,281.55
68647,281.6
68788,281.65
68930,281.7
69072,281.75
69214,281.8
69356,281.85
69498,281.9
69641,281.95
69784,282
69927,282.05
70071,282.1
70214,282.15
70358,282.2
70502,282.25
70647,282.3
70791,282.35
70936,282.4
71081,282.45
71226,282.5
71372,282.55
71518,282.6
71664,282.65
71810,282.7
71956,282.75
72103,282.8
72250,282.85
72397,282.9
72545,282.95
72692,283
72840,283.05
72988,283.1
73137,283.15
73285,283.2
73434,283.25
73583,283.3
73732,283.35
73882,283.4
74032,283.45
74182,283.5
74332,283.55
74482,283.6
74633,283.65
74784,283.7
74935,283.75
75087,283.8
75239,283.85
75391,283.9
75543,283.95
75695,284
75848,284.05
76001,284.1
76154,284.15
76307,284.2
76461,284.25
76615,284.3
76769,284.35
76923,284.4
77078,284.45
77233,284.5
77388,284.55
77543,284.6
77699,284.65
77855,284.7
78011,284.75
78167,284.8
78324,284.85
78481,284.9
78638,284.95
78795,285
78953,285.05
79111,285.1
79269,285.15
79427,285.2
79586,285.25
79745,285.3
79904,285.35
80063,285.4
80223,285.45
80382,285.5
80542,285.55
80703,285.6
80863,285.65
81024,285.7
81185,285.75
81347,285.8
81508,285.85
81670,285.9
81832,285.95
81995,286
82157,286.05
82320,286.1
82483,286.15
82647,286.2
82810,286.25
82974,286.3
83138,286.35
83303,286.4
83467,286.45
83632,286.5
83797,286.55
83963,286.6
84128,286.65
84294,286.7
84461,286.75
84627,286.8
84794,286.85
84961,286.9
85128,286.95
85295,287
85463,287.05
85631,287.1
85799,287.15
85968,287.2
86137,287.25
86306,287.3
86475,287.35
86645,287.4
86814,287.45
86985,287.5
87155,287.55
87326,287.6
87496,287.65
87668,287.7
87839,287.75
88011,287.8
88183,287.85
88355,287.9
88527,287.95
88700,288
88873,288.05
89046,288.1
89220,288.15
89394,288.2
89568,288.25
89742,288.3
89916,288.35
90091,288.4
90266,288.45
90442,288.5
90617,288.55
90793,288.6
90970,288.65
91146,288.7
91323,288.75
91500,288.8
91677,288.85
91855,288.9
92032,288.95
92210,289
92389,289.05
92567,289.1
92746,289.15
92925,289.2
93105,289.25
93285,289.3
93465,289.35
93645,289.4
93825,289.45
94006,289.5
94187,289.55
94369,289.6
94550,289.65
94732,289.7
94914,289.75
95097,289.8
95279,289.85
95462,289.9
95646,289.95
95829,290
96013,290.05
96197,290.1
96381,290.15
96566,290.2
96751,290.25
96936,290.3
97122,290.35
97307,290.4
97493,290.45
97680,290.5
97866,290.55
98053,290.6
98240,290.65
98428,290.7
98616,290.75
98804,290.8
98992,290.85
99180,290.9
99369,290.95
99558,291
99748,291.05
99937,291.1
100130,291.15
100320,291.2
100510,291.25
100700,291.3
100890,291.35
101080,291.4
101270,291.45
101470,291.5
101660,291.55
101850,291.6
102040,291.65
102240,291.7
102430,291.75
102620,291.8
102820,291.85
103010,291.9
103210,291.95
103400,292
103600,292.05
103790,292.1
103990,292.15
104180,292.2
104380,292.25
104580,292.3
104770,292.35
104970,292.4
105170,292.45
105360,292.5
105560,292.55
105760,292.6
105960,292.65
106160,292.7
106360,292.75
106560,292.8
106760,292.85
106960,292.9
107160,292.95
107360,293
107560,293.05
107760,293.1
107960,293.15
108160,293.2
108360,293.25
108570,293.3
108770,293.35
108970,293.4
109180,293.45
109380,293.5
109580,293.55
109790,293.6
109990,293.65
110200,293.7
110400,293.75
110610,293.8
110810,293.85
111020,293.9
111230,293.95
111430,294
111640,294.05
111850,294.1
112050,294.15
112260,294.2
112470,294.25
112680,294.3
112890,294.35
113100,294.4
113300,294.45
113510,294.5
113720,294.55
113930,294.6
114140,294.65
114360,294.7
114570,294.75
114780,294.8
114990,294.85
115200,294.9
115410,294.95
115630,295
115840,295.05
116050,295.1
116270,295.15
116480,295.2
116690,295.25
116910,295.3
117120,295.35
117340,295.4
117550,295.45
117770,295.5
117990,295.55
118200,295.6
118420,295.65
118640,295.7
118850,295.75
119070,295.8
119290,295.85
119510,295.9
119720,295.95
119940,296
120160,296.05
120380,296.1
120600,296.15
120820,296.2
121040,296.25
121260,296.3
121480,296.35
121700,296.4
121930,296.45
122150,296.5
122370,296.55
122590,296.6
122820,296.65
123040,296.7
123260,296.75
123490,296.8
123710,296.85
123930,296.9
124160,296.95
124380,297
124610,297.05
124840,297.1
125060,297.15
125290,297.2
125510,297.25
125740,297.3
125970,297.35
126200,297.4
126420,297.45
126650,297.5
126880,297.55
127110,297.6
127340,297.65
127570,297.7
127800,297.75
128030,297.8
128260,297.85
128490,297.9
128720,297.95
128950,298
129180,298.05
129420,298.1
129650,298.15
129880,298.2
130120,298.25
130350,298.3
130580,298.35
130820,298.4
131050,298.45
131290,298.5
131520,298.55
131760,298.6
131990,298.65
132230,298.7
132460,298.75
132700,298.8
132940,298.85
133180,298.9
133410,298.95
133650,299
133890,299.05
134130,299.1
134370,299.15
134610,299.2
134850,299.25
135090,299.3
135330,299.35
135570,299.4
135810,299.45
136050,299.5
136290,299.55
136530,299.6
136780,299.65
137020,299.7
137260,299.75
137500,299.8
137750,299.85
137990,299.9
138240,299.95
138480,300
138730,300.05
138970,300.1
139220,300.15
139460,300.2
139710,300.25
139960,300.3
140200,300.35
140450,300.4
140700,300.45
140950,300.5
141190,300.55
141440,300.6
141690,300.65
141940,300.7
142190,300.75
142440,300.8
142690,300.85
142940,300.9
143190,300.95
143450,301
143700,301.05
143950,301.1
144200,301.15
144450,301.2
144710,301.25
144960,301.3
145220,301.35
145470,301.4
145720,301.45
145980,301.5
146230,301.55
146490,301.6
146750,301.65
147000,301.7
147260,301.75
147520,301.8
147770,301.85
148030,301.9
148290,301.95
148550,302
148810,302.05
149060,302.1
149320,302.15
149580,302.2
149840,302.25
150100,302.3
150370,302.35
150630,302.4
150890,302.45
151150,302.5
151410,302.55
151680,302.6
151940,302.65
152200,302.7
152460,302.75
152730,302.8
152990,302.85
153260,302.9
153520,302.95
153790,303
154050,303.05
154320,303.1
154590,303.15
154850,303.2
155120,303.25
155390,303.3
155660,303.35
155920,303.4
156190,303.45
156460,303.5
156730,303.55
157000,303.6
157270,303.65
157540,303.7
157810,303.75
158080,303.8
158360,303.85
158630,303.9
158900,303.95
159170,304
159440,304.05
159720,304.1
159990,304.15
160270,304.2
160540,304.25
160810,304.3
161090,304.35
161370,304.4
161640,304.45
161920,304.5
162190,304.55
162470,304.6
162750,304.65
163030,304.7
163300,304.75
163580,304.8
163860,304.85
164140,304.9
164420,304.95
164700,305
164980,305.05
165260,305.1
165540,305.15
165820,305.2
166100,305.25
166390,305.3
166670,305.35
166950,305.4
167240,305.45
167520,305.5
167800,305.55
168090,305.6
168370,305.65
168660,305.7
168940,305.75
169230,305.8
169510,305.85
169800,305.9
170090,305.95
170380,306
170660,306.05
170950,306.1
171240,306.15
171530,306.2
171820,306.25
172110,306.3
172400,306.35
172690,306.4
172980,306.45
173270,306.5
173560,306.55
173850,306.6
174140,306.65
174440,306.7
174730,306.75
175020,306.8
175320,306.85
175610,306.9
175910,306.95
176200,307
176500,307.05
176790,307.1
177090,307.15
177380,307.2
177680,307.25
177980,307.3
178280,307.35
178570,307.4
178870,307.45
179170,307.5
179470,307.55
179770,307.6
180070,307.65
180370,307.7
180670,307.75
180970,307.8
181270,307.85
181570,307.9
181880,307.95
182180,308
182480,308.05
182780,308.1
183090,308.15
183390,308.2
183700,308.25
184000,308.3
184310,308.35
184610,308.4
184920,308.45
185230,308.5
185530,308.55
185840,308.6
186150,308.65
186460,308.7
186760,308.75
187070,308.8
187380,308.85
187690,308.9
188000,308.95
188310,309
188620,309.05
188930,309.1
189240,309.15
189560,309.2
189870,309.25
190180,309.3
190500,309.35
190810,309.4
191120,309.45
191440,309.5
191750,309.55
192070,309.6
192380,309.65
192700,309.7
193010,309.75
193330,309.8
193650,309.85
193970,309.9
194280,309.95
194600,310
194670,310.01
194730,310.02
194790,310.03
194860,310.04
194920,310.05
194980,310.06
195050,310.07
195110,310.08
195180,310.09
195240,310.1
195300,310.11
195370,310.12
195430,310.13
195500,310.14
195560,310.15
195620,310.16
195690,310.17
195750,310.18
195820,310.19
195880,310.2
195940,310.21
196010,310.22
196070,310.23
196140,310.24
196200,310.25
196260,310.26
196330,310.27
196390,310.28
196460,310.29
196520,310.3
196590,310.31
196650,310.32
196710,310.33
196780,310.34
196840,310.35
196910,310.36
196970,310.37
197030,310.38
197100,310.39
197160,310.4
197230,310.41
197290,310.42
197360,310.43
197420,310.44
197490,310.45
197550,310.46
197610,310.47
197680,310.48
197740,310.49
197810,310.5
197870,310.51
197940,310.52
198000,310.53
198070,310.54
198130,310.55
198200,310.56
198260,310.57
198320,310.58
198390,310.59
198450,310.6
198520,310.61
198580,310.62
198650,310.63
198710,310.64
198780,310.65
198840,310.66
198910,310.67
198970,310.68
199040,310.69
199100,310.7
199170,310.71
199230,310.72
199300,310.73
199360,310.74
199430,310.75
199490,310.76
199560,310.77
199620,310.78
199690,310.79
199750,310.8
199820,310.81
199880,310.82
199950,310.83
200010,310.84
200080,310.85
200140,310.86
200210,310.87
200270,310.88
200340,310.89
200400,310.9
200470,310.91
200530,310.92
200600,310.93
200660,310.94
200730,310.95
200790,310.96
200860,310.97
200920,310.98
200990,310.99
201050,311
201120,311.01
201180,311.02
201250,311.03
201320,311.04
201380,311.05
201450,311.06
201510,311.07
201580,311.08
201640,311.09
201710,311.1
201770,311.11
201840,311.12
201900,311.13
201970,311.14
202040,311.15
202100,311.16
202170,311.17
202230,311.18
202300,311.19
202360,311.2
202430,311.21
202500,311.22
202560,311.23
202630,311.24
202690,311.25
202760,311.26
202820,311.27
202890,311.28
202960,311.29
203020,311.3
203090,311.31
203150,311.32
203220,311.33
203280,311.34
203350,311.35
203420,311.36
203480,311.37
203550,311.38
203610,311.39
203680,311.4
203750,311.41
203810,311.42
203880,311.43
203940,311.44
204010,311.45
204080,311.46
204140,311.47
204210,311.48
204270,311.49
204340,311.5
204410,311.51
204470,311.52
204540,311.53
204610,311.54
204670,311.55
204740,311.56
204800,311.57
204870,311.58
204940,311.59
205000,311.6
205070,311.61
205140,311.62
205200,311.63
205270,311.64
205330,311.65
205400,311.66
205470,311.67
205530,311.68
205600,311.69
205670,311.7
205730,311.71
205800,311.72
205870,311.73
205930,311.74
206000,311.75
206070,311.76
206130,311.77
206200,311.78
206270,311.79
206330,311.8
206400,311.81
206470,311.82
206530,311.83
206600,311.84
206670,311.85
206730,311.86
206800,311.87
206870,311.88
206930,311.89
207000,311.9
207070,311.91
207130,311.92
207200,311.93
207270,311.94
207330,311.95
207400,311.96
207470,311.97
207530,311.98
207600,311.99
207670,312
207740,312.01
207800,312.02
207870,312.03
207940,312.04
208000,312.05
208070,312.06
208140,312.07
208210,312.08
208270,312.09
208340,312.1
208410,312.11
208470,312.12
208540,312.13
208610,312.14
208680,312.15
208740,312.16
208810,312.17
208880,312.18
208940,312.19
209010,312.2
209080,312.21
209150,312.22
209210,312.23
209280,312.24
209350,312.25
209420,312.26
209480,312.27
209550,312.28
209620,312.29
209690,312.3
209750,312.31
209820,312.32
209890,312.33
209960,312.34
210020,312.35
210090,312.36
210160,312.37
210230,312.38
210290,312.39
210360,312.4
210430,312.41
210500,312.42
210560,312.43
210630,312.44
210700,312.45
210770,312.46
210830,312.47
210900,312.48
210970,312.49
211040,312.5
211110,312.51
211170,312.52
211240,312.53
211310,312.54
211380,312.55
211450,312.56
211510,312.57
211580,312.58
211650,312.59
211720,312.6
211790,312.61
211850,312.62
211920,312.63
211990,312.64
212060,312.65
212130,312.66
212190,312.67
212260,312.68
212330,312.69
212400,312.7
212470,312.71
212530,312.72
212600,312.73
212670,312.74
212740,312.75
212810,312.76
212880,312.77
212940,312.78
213010,312.79
213080,312.8
213150,312.81
213220,312.82
213280,312.83
213350,312.84
213420,312.85
213490,312.86
213560,312.87
213630,312.88
213700,312.89
213760,312.9
213830,312.91
213900,312.92
213970,312.93
214040,312.94
214110,312.95
214180,312.96
214240,312.97
214310,312.98
214380,312.99
214450,313
214520,313.01
214590,313.02
214660,313.03
214720,313.04
214790,313.05
214860,313.06
214930,313.07
215000,313.08
215070,313.09
215140,313.1
215210,313.11
215270,313.12
215340,313.13
215410,313.14
215480,313.15
215550,313.16
215620,313.17
215690,313.18
215760,313.19
215830,313.2
215890,313.21
215960,313.22
216030,313.23
216100,313.24
216170,313.25
216240,313.26
216310,313.27
216380,313.28
216450,313.29
216520,313.3
216590,313.31
216650,313.32
216720,313.33
216790,313.34
216860,313.35
216930,313.36
217000,313.37
217070,313.38
217140,313.39
217210,313.4
217280,313.41
217350,313.42
217420,313.43
217490,313.44
217560,313.45
217630,313.46
217690,313.47
217760,313.48
217830,313.49
217900,313.5
217970,313.51
218040,313.52
218110,313.53
218180,313.54
218250,313.55
218320,313.56
218390,313.57
218460,313.58
218530,313.59
218600,313.6
218670,313.61
218740,313.62
218810,313.63
218880,313.64
218950,313.65
219020,313.66
219090,313.67
219160,313.68
219230,313.69
219300,313.7
219370,313.71
219440,313.72
219510,313.73
219580,313.74
219650,313.75
219720,313.76
219790,313.77
219860,313.78
219930,313.79
220000,313.8
220070,313.81
220140,313.82
220210,313.83
220280,313.84
220350,313.85
220420,313.86
220490,313.87
220560,313.88
220630,313.89
220700,313.9
220770,313.91
220840,313.92
220910,313.93
220980,313.94
221050,313.95
221120,313.96
221190,313.97
221260,313.98
221330,313.99
221400,314
221470,314.01
221540,314.02
221610,314.03
221680,314.04
221750,314.05
221820,314.06
221890,314.07
221960,314.08
222030,314.09
222100,314.1
222170,314.11
222240,314.12
222320,314.13
222390,314.14
222460,314.15
222530,314.16
222600,314.17
222670,314.18
222740,314.19
222810,314.2
222880,314.21
222950,314.22
223020,314.23
223090,314.24
223160,314.25
223230,314.26
223300,314.27
223380,314.28
223450,314.29
223520,314.3
223590,314.31
223660,314.32
223730,314.33
223800,314.34
223870,314.35
223940,314.36
224010,314.37
224080,314.38
224160,314.39
224230,314.4
224300,314.41
224370,314.42
224440,314.43
224510,314.44
224580,314.45
224650,314.46
224720,314.47
224800,314.48
224870,314.49
224940,314.5
225010,314.51
225080,314.52
225150,314.53
225220,314.54
225290,314.55
225370,314.56
225440,314.57
225510,314.58
225580,314.59
225650,314.6
225720,314.61
225790,314.62
225870,314.63
225940,314.64
226010,314.65
226080,314.66
226150,314.67
226220,314.68
226290,314.69
226370,314.7
226440,314.71
226510,314.72
226580,314.73
226650,314.74
226720,314.75
226800,314.76
226870,314.77
226940,314.78
227010,314.79
227080,314.8
227150,314.81
227230,314.82
227300,314.83
227370,314.84
227440,314.85
227510,314.86
227580,314.87
227660,314.88
227730,314.89
227800,314.9
227870,314.91
227940,314.92
228020,314.93
228090,314.94
228160,314.95
228230,314.96
228300,314.97
228380,314.98
228450,314.99
228520,315
228590,315.01
228660,315.02
228740,315.03
228810,315.04
228880,315.05
228950,315.06
229030,315.07
229100,315.08
229170,315.09
229240,315.1
229310,315.11
229390,315.12
229460,315.13
229530,315.14
229600,315.15
229680,315.16
229750,315.17
229820,315.18
229890,315.19
229970,315.2
230040,315.21
230110,315.22
230180,315.23
230260,315.24
230330,315.25
230400,315.26
230470,315.27
230550,315.28
230620,315.29
230690,315.3
230760,315.31
230840,315.32
230910,315.33
230980,315.34
231050,315.35
231130,315.36
231200,315.37
231270,315.38
231340,315.39
231420,315.4
231490,315.41
231560,315.42
231640,315.43
231710,315.44
231780,315.45
231850,315.46
231930,315.47
232000,315.48
232070,315.49
232150,315.5
232220,315.51
232290,315.52
232360,315.53
232440,315.54
232510,315.55
232580,315.56
232660,315.57
232730,315.58
232800,315.59
232880,315.6
232950,315.61
233020,315.62
233100,315.63
233170,315.64
233240,315.65
233320,315.66
233390,315.67
233460,315.68
233540,315.69
233610,315.7
233680,315.71
233760,315.72
233830,315.73
233900,315.74
233980,315.75
234050,315.76
234120,315.77
234200,315.78
234270,315.79
234340,315.8
234420,315.81
234490,315.82
234560,315.83
234640,315.84
234710,315.85
234780,315.86
234860,315.87
234930,315.88
235000,315.89
235080,315.9
235150,315.91
235230,315.92
235300,315.93
235370,315.94
235450,315.95
235520,315.96
235590,315.97
235670,315.98
235740,315.99
235820,316
235890,316.01
235960,316.02
236040,316.03
236110,316.04
236180,316.05
236260,316.06
236330,316.07
236410,316.08
236480,316.09
236550,316.1
236630,316.11
236700,316.12
236780,316.13
236850,316.14
236930,316.15
237000,316.16
237070,316.17
237150,316.18
237220,316.19
237300,316.2
237370,316.21
237440,316.22
237520,316.23
237590,316.24
237670,316.25
237740,316.26
237820,316.27
237890,316.28
237960,316.29
238040,316.3
238110,316.31
238190,316.32
238260,316.33
238340,316.34
238410,316.35
238490,316.36
238560,316.37
238630,316.38
238710,316.39
238780,316.4
238860,316.41
238930,316.42
239010,316.43
239080,316.44
239160,316.45
239230,316.46
239310,316.47
239380,316.48
239450,316.49
239530,316.5
239600,316.51
239680,316.52
239750,316.53
239830,316.54
239900,316.55
239980,316.56
240050,316.57
240130,316.58
240200,316.59
240280,316.6
240350,316.61
240430,316.62
240500,316.63
240580,316.64
240650,316.65
240730,316.66
240800,316.67
240880,316.68
240950,316.69
241030,316.7
241100,316.71
241180,316.72
241250,316.73
241330,316.74
241400,316.75
241480,316.76
241550,316.77
241630,316.78
241700,316.79
241780,316.8
241850,316.81
241930,316.82
242010,316.83
242080,316.84
242160,316.85
242230,316.86
242310,316.87
242380,316.88
242460,316.89
242530,316.9
242610,316.91
242680,316.92
242760,316.93
242830,316.94
242910,316.95
242990,316.96
243060,316.97
243140,316.98
243210,316.99
243290,317
243360,317.01
243440,317.02
243520,317.03
243590,317.04
243670,317.05
243740,317.06
243820,317.07
243890,317.08
243970,317.09
244050,317.1
244120,317.11
244200,317.12
244270,317.13
244350,317.14
244420,317.15
244500,317.16
244580,317.17
244650,317.18
244730,317.19
244800,317.2
244880,317.21
244960,317.22
245030,317.23
245110,317.24
245180,317.25
245260,317.26
245340,317.27
245410,317.28
245490,317.29
245560,317.3
245640,317.31
245720,317.32
245790,317.33
245870,317.34
245950,317.35
246020,317.36
246100,317.37
246170,317.38
246250,317.39
246330,317.4
246400,317.41
246480,317.42
246560,317.43
246630,317.44
246710,317.45
246790,317.46
246860,317.47
246940,317.48
247020,317.49
247090,317.5
247170,317.51
247240,317.52
247320,317.53
247400,317.54
247470,317.55
247550,317.56
247630,317.57
247700,317.58
247780,317.59
247860,317.6
247930,317.61
248010,317.62
248090,317.63
248160,317.64
248240,317.65
248320,317.66
248400,317.67
248470,317.68
248550,317.69
248630,317.7
248700,317.71
248780,317.72
248860,317.73
248930,317.74
249010,317.75
249090,317.76
249160,317.77
249240,317.78
249320,317.79
249400,317.8
249470,317.81
249550,317.82
249630,317.83
249700,317.84
249780,317.85
249860,317.86
249940,317.87
250010,317.88
250090,317.89
250170,317.9
250240,317.91
250320,317.92
250400,317.93
250480,317.94
250550,317.95
250630,317.96
250710,317.97
250790,317.98
250860,317.99
250940,318
251020,318.01
251100,318.02
251170,318.03
251250,318.04
251330,318.05
251410,318.06
251480,318.07
251560,318.08
251640,318.09
251720,318.1
251790,318.11
251870,318.12
251950,318.13
252030,318.14
252100,318.15
252180,318.16
252260,318.17
252340,318.18
252420,318.19
252490,318.2
252570,318.21
252650,318.22
252730,318.23
252800,318.24
252880,318.25
252960,318.26
253040,318.27
253120,318.28
253190,318.29
253270,318.3
253350,318.31
253430,318.32
253510,318.33
253580,318.34
253660,318.35
253740,318.36
253820,318.37
253900,318.38
253970,318.39
254050,318.4
254130,318.41
254210,318.42
254290,318.43
254370,318.44
254440,318.45
254520,318.46
254600,318.47
254680,318.48
254760,318.49
254840,318.5
254910,318.51
254990,318.52
255070,318.53
255150,318.54
255230,318.55
255310,318.56
255380,318.57
255460,318.58
255540,318.59
255620,318.6
255700,318.61
255780,318.62
255860,318.63
255930,318.64
256010,318.65
256090,318.66
256170,318.67
256250,318.68
256330,318.69
256410,318.7
256480,318.71
256560,318.72
256640,318.73
256720,318.74
256800,318.75
256880,318.76
256960,318.77
257040,318.78
257110,318.79
257190,318.8
257270,318.81
257350,318.82
257430,318.83
257510,318.84
257590,318.85
257670,318.86
257750,318.87
257830,318.88
257900,318.89
257980,318.9
258060,318.91
258140,318.92
258220,318.93
258300,318.94
258380,318.95
258460,318.96
258540,318.97
258620,318.98
258700,318.99
258780,319
258850,319.01
258930,319.02
259010,319.03
259090,319.04
259170,319.05
259250,319.06
259330,319.07
259410,319.08
259490,319.09
259570,319.1
259650,319.11
259730,319.12
259810,319.13
259890,319.14
259970,319.15
260050,319.16
260130,319.17
260210,319.18
260290,319.19
260360,319.2
260440,319.21
260520,319.22
260600,319.23
260680,319.24
260760,319.25
260840,319.26
260920,319.27
261000,319.28
261080,319.29
261160,319.3
261240,319.31
261320,319.32
261400,319.33
261480,319.34
261560,319.35
261640,319.36
261720,319.37
261800,319.38
261880,319.39
261960,319.4
262040,319.41
262120,319.42
262200,319.43
262280,319.44
262360,319.45
262440,319.46
262520,319.47
262600,319.48
262680,319.49
262760,319.5
262840,319.51
262920,319.52
263000,319.53
263080,319.54
263160,319.55
263240,319.56
263320,319.57
263400,319.58
263490,319.59
263570,319.6
263650,319.61
263730,319.62
263810,319.63
263890,319.64
263970,319.65
264050,319.66
264130,319.67
264210,319.68
264290,319.69
264370,319.7
264450,319.71
264530,319.72
264610,319.73
264690,319.74
264770,319.75
264850,319.76
264940,319.77
265020,319.78
265100,319.79
265180,319.8
265260,319.81
265340,319.82
265420,319.83
265500,319.84
265580,319.85
265660,319.86
265740,319.87
265820,319.88
265910,319.89
265990,319.9
266070,319.91
266150,319.92
266230,319.93
266310,319.94
266390,319.95
266470,319.96
266550,319.97
266630,319.98
266720,319.99
266800,320
266880,320.01
266960,320.02
267040,320.03
267120,320.04
267200,320.05
267280,320.06
267360,320.07
267450,320.08
267530,320.09
267610,320.1
267690,320.11
267770,320.12
267850,320.13
267930,320.14
268020,320.15
268100,320.16
268180,320.17
268260,320.18
268340,320.19
268420,320.2
268500,320.21
268590,320.22
268670,320.23
268750,320.24
268830,320.25
268910,320.26
268990,320.27
269080,320.28
269160,320.29
269240,320.3
269320,320.31
269400,320.32
269480,320.33
269570,320.34
269650,320.35
269730,320.36
269810,320.37
269890,320.38
269980,320.39
270060,320.4
270140,320.41
270220,320.42
270300,320.43
270390,320.44
270470,320.45
270550,320.46
270630,320.47
270710,320.48
270800,320.49
270880,320.5
270960,320.51
271040,320.52
271120,320.53
271210,320.54
271290,320.55
271370,320.56
271450,320.57
271530,320.58
271620,320.59
271700,320.6
271780,320.61
271860,320.62
271950,320.63
272030,320.64
272110,320.65
272190,320.66
272280,320.67
272360,320.68
272440,320.69
272520,320.7
272610,320.71
272690,320.72
272770,320.73
272850,320.74
272940,320.75
273020,320.76
273100,320.77
273180,320.78
273270,320.79
273350,320.8
273430,320.81
273510,320.82
273600,320.83
273680,320.84
273760,320.85
273840,320.86
273930,320.87
274010,320.88
274090,320.89
274180,320.9
274260,320.91
274340,320.92
274420,320.93
274510,320.94
274590,320.95
274670,320.96
274760,320.97
274840,320.98
274920,320.99
275010,321
275090,321.01
275170,321.02
275250,321.03
275340,321.04
275420,321.05
275500,321.06
275590,321.07
275670,321.08
275750,321.09
275840,321.1
275920,321.11
276000,321.12
276090,321.13
276170,321.14
276250,321.15
276340,321.16
276420,321.17
276500,321.18
276590,321.19
276670,321.2
276750,321.21
276840,321.22
276920,321.23
277000,321.24
277090,321.25
277170,321.26
277250,321.27
277340,321.28
277420,321.29
277510,321.3
277590,321.31
277670,321.32
277760,321.33
277840,321.34
277920,321.35
278010,321.36
278090,321.37
278180,321.38
278260,321.39
278340,321.4
278430,321.41
278510,321.42
278590,321.43
278680,321.44
278760,321.45
278850,321.46
278930,321.47
279010,321.48
279100,321.49
279180,321.5
279270,321.51
279350,321.52
279430,321.53
279520,321.54
279600,321.55
279690,321.56
279770,321.57
279850,321.58
279940,321.59
280020,321.6
280110,321.61
280190,321.62
280280,321.63
280360,321.64
280440,321.65
280530,321.66
280610,321.67
280700,321.68
280780,321.69
280870,321.7
280950,321.71
281030,321.72
281120,321.73
281200,321.74
281290,321.75
281370,321.76
281460,321.77
281540,321.78
281630,321.79
281710,321.8
281800,321.81
281880,321.82
281960,321.83
282050,321.84
282130,321.85
282220,321.86
282300,321.87
282390,321.88
282470,321.89
282560,321.9
282640,321.91
282730,321.92
282810,321.93
282900,321.94
282980,321.95
283070,321.96
283150,321.97
283240,321.98
283320,321.99
283410,322
283490,322.01
283580,322.02
283660,322.03
283750,322.04
283830,322.05
283920,322.06
284000,322.07
284090,322.08
284170,322.09
284260,322.1
284340,322.11
284430,322.12
284510,322.13
284600,322.14
284680,322.15
284770,322.16
284850,322.17
284940,322.18
285020,322.19
285110,322.2
285200,322.21
285280,322.22
285370,322.23
285450,322.24
285540,322.25
285620,322.26
285710,322.27
285790,322.28
285880,322.29
285960,322.3
286050,322.31
286140,322.32
286220,322.33
286310,322.34
286390,322.35
286480,322.36
286560,322.37
286650,322.38
286740,322.39
286820,322.4
286910,322.41
286990,322.42
287080,322.43
287160,322.44
287250,322.45
287340,322.46
287420,322.47
287510,322.48
287590,322.49
287680,322.5
287770,322.51
287850,322.52
287940,322.53
288020,322.54
288110,322.55
288200,322.56
288280,322.57
288370,322.58
288450,322.59
288540,322.6
288630,322.61
288710,322.62
288800,322.63
288880,322.64
288970,322.65
289060,322.66
289140,322.67
289230,322.68
289320,322.69
289400,322.7
289490,322.71
289570,322.72
289660,322.73
289750,322.74
289830,322.75
289920,322.76
290010,322.77
290090,322.78
290180,322.79
290270,322.8
290350,322.81
290440,322.82
290530,322.83
290610,322.84
290700,322.85
290790,322.86
290870,322.87
290960,322.88
291050,322.89
291130,322.9
291220,322.91
291310,322.92
291390,322.93
291480,322.94
291570,322.95
291650,322.96
291740,322.97
291830,322.98
291910,322.99
292000,323
292090,323.01
292180,323.02
292260,323.03
292350,323.04
292440,323.05
292520,323.06
292610,323.07
292700,323.08
292780,323.09
292870,323.1
292960,323.11
293050,323.12
293130,323.13
293220,323.14
293310,323.15
293390,323.16
293480,323.17
293570,323.18
293660,323.19
293740,323.2
293830,323.21
293920,323.22
294010,323.23
294090,323.24
294180,323.25
294270,323.26
294360,323.27
294440,323.28
294530,323.29
294620,323.3
294710,323.31
294790,323.32
294880,323.33
294970,323.34
295060,323.35
295140,323.36
295230,323.37
295320,323.38
295410,323.39
295490,323.4
295580,323.41
295670,323.42
295760,323.43
295850,323.44
295930,323.45
296020,323.46
296110,323.47
296200,323.48
296280,323.49
296370,323.5
296460,323.51
296550,323.52
296640,323.53
296720,323.54
296810,323.55
296900,323.56
296990,323.57
297080,323.58
297160,323.59
297250,323.6
297340,323.61
297430,323.62
297520,323.63
297610,323.64
297690,323.65
297780,323.66
297870,323.67
297960,323.68
298050,323.69
298130,323.7
298220,323.71
298310,323.72
298400,323.73
298490,323.74
298580,323.75
298670,323.76
298750,323.77
298840,323.78
298930,323.79
299020,323.8
299110,323.81
299200,323.82
299280,323.83
299370,323.84
299460,323.85
299550,323.86
299640,323.87
299730,323.88
299820,323.89
299910,323.9
299990,323.91
300080,323.92
300170,323.93
300260,323.94
300350,323.95
300440,323.96
300530,323.97
300620,323.98
300700,323.99
300790,324
300880,324.01
300970,324.02
301060,324.03
301150,324.04
301240,324.05
301330,324.06
301420,324.07
301510,324.08
301590,324.09
301680,324.1
301770,324.11
301860,324.12
301950,324.13
302040,324.14
302130,324.15
302220,324.16
302310,324.17
302400,324.18
302490,324.19
302580,324.2
302670,324.21
302750,324.22
302840,324.23
302930,324.24
303020,324.25
303110,324.26
303200,324.27
303290,324.28
303380,324.29
303470,324.3
303560,324.31
303650,324.32
303740,324.33
303830,324.34
303920,324.35
304010,324.36
304100,324.37
304190,324.38
304280,324.39
304370,324.4
304460,324.41
304550,324.42
304640,324.43
304730,324.44
304810,324.45
304900,324.46
304990,324.47
305080,324.48
305170,324.49
305260,324.5
305350,324.51
305440,324.52
305530,324.53
305620,324.54
305710,324.55
305800,324.56
305890,324.57
305980,324.58
306070,324.59
306160,324.6
306250,324.61
306340,324.62
306430,324.63
306530,324.64
306620,324.65
306710,324.66
306800,324.67
306890,324.68
306980,324.69
307070,324.7
307160,324.71
307250,324.72
307340,324.73
307430,324.74
307520,324.75
307610,324.76
307700,324.77
307790,324.78
307880,324.79
307970,324.8
308060,324.81
308150,324.82
308240,324.83
308330,324.84
308420,324.85
308510,324.86
308610,324.87
308700,324.88
308790,324.89
308880,324.9
308970,324.91
309060,324.92
309150,324.93
309240,324.94
309330,324.95
309420,324.96
309510,324.97
309600,324.98
309690,324.99
309790,325
309880,325.01
309970,325.02
310060,325.03
310150,325.04
310240,325.05
310330,325.06
310420,325.07
310510,325.08
310600,325.09
310700,325.1
310790,325.11
310880,325.12
310970,325.13
311060,325.14
311150,325.15
311240,325.16
311330,325.17
311430,325.18
311520,325.19
311610,325.2
311700,325.21
311790,325.22
311880,325.23
311970,325.24
312070,325.25
312160,325.26
312250,325.27
312340,325.28
312430,325.29
312520,325.3
312610,325.31
312710,325.32
312800,325.33
312890,325.34
312980,325.35
313070,325.36
313160,325.37
313260,325.38
313350,325.39
313440,325.4
313530,325.41
313620,325.42
313710,325.43
313810,325.44
313900,325.45
313990,325.46
314080,325.47
314170,325.48
314270,325.49
314360,325.5
314450,325.51
314540,325.52
314630,325.53
314730,325.54
314820,325.55
314910,325.56
315000,325.57
315090,325.58
315190,325.59
315280,325.6
315370,325.61
315460,325.62
315550,325.63
315650,325.64
315740,325.65
315830,325.66
315920,325.67
316020,325.68
316110,325.69
316200,325.7
316290,325.71
316390,325.72
316480,325.73
316570,325.74
316660,325.75
316760,325.76
316850,325.77
316940,325.78
317030,325.79
317130,325.8
317220,325.81
317310,325.82
317400,325.83
317500,325.84
317590,325.85
317680,325.86
317770,325.87
317870,325.88
317960,325.89
318050,325.9
318150,325.91
318240,325.92
318330,325.93
318420,325.94
318520,325.95
318610,325.96
318700,325.97
318800,325.98
318890,325.99
318980,326
319070,326.01
319170,326.02
319260,326.03
319350,326.04
319450,326.05
319540,326.06
319630,326.07
319730,326.08
319820,326.09
319910,326.1
320010,326.11
320100,326.12
320190,326.13
320280,326.14
320380,326.15
320470,326.16
320560,326.17
320660,326.18
320750,326.19
320840,326.2
320940,326.21
321030,326.22
321120,326.23
321220,326.24
321310,326.25
321410,326.26
321500,326.27
321590,326.28
321690,326.29
321780,326.3
321870,326.31
321970,326.32
322060,326.33
322150,326.34
322250,326.35
322340,326.36
322440,326.37
322530,326.38
322620,326.39
322720,326.4
322810,326.41
322900,326.42
323000,326.43
323090,326.44
323190,326.45
323280,326.46
323370,326.47
323470,326.48
323560,326.49
323660,326.5
323750,326.51
323840,326.52
323940,326.53
324030,326.54
324130,326.55
324220,326.56
324310,326.57
324410,326.58
324500,326.59
324600,326.6
324690,326.61
324790,326.62
324880,326.63
324970,326.64
325070,326.65
325160,326.66
325260,326.67
325350,326.68
325450,326.69
325540,326.7
325630,326.71
325730,326.72
325820,326.73
325920,326.74
326010,326.75
326110,326.76
326200,326.77
326300,326.78
326390,326.79
326490,326.8
326580,326.81
326670,326.82
326770,326.83
326860,326.84
326960,326.85
327050,326.86
327150,326.87
327240,326.88
327340,326.89
327430,326.9
327530,326.91
327620,326.92
327720,326.93
327810,326.94
327910,326.95
328000,326.96
328100,326.97
328190,326.98
328290,326.99
328380,327
328480,327.01
328570,327.02
328670,327.03
328760,327.04
328860,327.05
328950,327.06
329050,327.07
329140,327.08
329240,327.09
329330,327.1
329430,327.11
329520,327.12
329620,327.13
329720,327.14
329810,327.15
329910,327.16
330000,327.17
330100,327.18
330190,327.19
330290,327.2
330380,327.21
330480,327.22
330570,327.23
330670,327.24
330770,327.25
330860,327.26
330960,327.27
331050,327.28
331150,327.29
331240,327.3
331340,327.31
331430,327.32
331530,327.33
331630,327.34
331720,327.35
331820,327.36
331910,327.37
332010,327.38
332110,327.39
332200,327.4
332300,327.41
332390,327.42
332490,327.43
332590,327.44
332680,327.45
332780,327.46
332870,327.47
332970,327.48
333070,327.49
333160,327.5
333260,327.51
333350,327.52
333450,327.53
333550,327.54
333640,327.55
333740,327.56
333830,327.57
333930,327.58
334030,327.59
334120,327.6
334220,327.61
334320,327.62
334410,327.63
334510,327.64
334610,327.65
334700,327.66
334800,327.67
334890,327.68
334990,327.69
335090,327.7
335180,327.71
335280,327.72
335380,327.73
335470,327.74
335570,327.75
335670,327.76
335760,327.77
335860,327.78
335960,327.79
336050,327.8
336150,327.81
336250,327.82
336340,327.83
336440,327.84
336540,327.85
336630,327.86
336730,327.87
336830,327.88
336930,327.89
337020,327.9
337120,327.91
337220,327.92
337310,327.93
337410,327.94
337510,327.95
337600,327.96
337700,327.97
337800,327.98
337900,327.99
337990,328
338090,328.01
338190,328.02
338280,328.03
338380,328.04
338480,328.05
338580,328.06
338670,328.07
338770,328.08
338870,328.09
338970,328.1
339060,328.11
339160,328.12
339260,328.13
339360,328.14
339450,328.15
339550,328.16
339650,328.17
339750,328.18
339840,328.19
339940,328.2
340040,328.21
340140,328.22
340230,328.23
340330,328.24
340430,328.25
340530,328.26
340620,328.27
340720,328.28
340820,328.29
340920,328.3
341020,328.31
341110,328.32
341210,328.33
341310,328.34
341410,328.35
341500,328.36
341600,328.37
341700,328.38
341800,328.39
341900,328.4
341990,328.41
342090,328.42
342190,328.43
342290,328.44
342390,328.45
342480,328.46
342580,328.47
342680,328.48
342780,328.49
342880,328.5
342980,328.51
343070,328.52
343170,328.53
343270,328.54
343370,328.55
343470,328.56
343570,328.57
343660,328.58
343760,328.59
343860,328.6
343960,328.61
344060,328.62
344160,328.63
344250,328.64
344350,328.65
344450,328.66
344550,328.67
344650,328.68
344750,328.69
344850,328.7
344950,328.71
345040,328.72
345140,328.73
345240,328.74
345340,328.75
345440,328.76
345540,328.77
345640,328.78
345740,328.79
345830,328.8
345930,328.81
346030,328.82
346130,328.83
346230,328.84
346330,328.85
346430,328.86
346530,328.87
346630,328.88
346720,328.89
346820,328.9
346920,328.91
347020,328.92
347120,328.93
347220,328.94
347320,328.95
347420,328.96
347520,328.97
347620,328.98
347720,328.99
347820,329
347910,329.01
348010,329.02
348110,329.03
348210,329.04
348310,329.05
348410,329.06
348510,329.07
348610,329.08
348710,329.09
348810,329.1
348910,329.11
349010,329.12
349110,329.13
349210,329.14
349310,329.15
349410,329.16
349510,329.17
349610,329.18
349710,329.19
349810,329.2
349910,329.21
350010,329.22
350110,329.23
350200,329.24
350300,329.25
350400,329.26
350500,329.27
350600,329.28
350700,329.29
350800,329.3
350900,329.31
351000,329.32
351100,329.33
351200,329.34
351300,329.35
351400,329.36
351500,329.37
351600,329.38
351700,329.39
351800,329.4
351900,329.41
352010,329.42
352110,329.43
352210,329.44
352310,329.45
352410,329.46
352510,329.47
352610,329.48
352710,329.49
352810,329.5
352910,329.51
353010,329.52
353110,329.53
353210,329.54
353310,329.55
353410,329.56
353510,329.57
353610,329.58
353710,329.59
353810,329.6
353910,329.61
354010,329.62
354110,329.63
354210,329.64
354320,329.65
354420,329.66
354520,329.67
354620,329.68
354720,329.69
354820,329.7
354920,329.71
355020,329.72
355120,329.73
355220,329.74
355320,329.75
355420,329.76
355530,329.77
355630,329.78
355730,329.79
355830,329.8
355930,329.81
356030,329.82
356130,329.83
356230,329.84
356330,329.85
356430,329.86
356540,329.87
356640,329.88
356740,329.89
356840,329.9
356940,329.91
357040,329.92
357140,329.93
357240,329.94
357350,329.95
357450,329.96
357550,329.97
357650,329.98
357750,329.99
357850,330
357950,330.01
358060,330.02
358160,330.03
358260,330.04
358360,330.05
358460,330.06
358560,330.07
358670,330.08
358770,330.09
358870,330.1
358970,330.11
359070,330.12
359170,330.13
359280,330.14
359380,330.15
359480,330.16
359580,330.17
359680,330.18
359790,330.19
359890,330.2
359990,330.21
360090,330.22
360190,330.23
360290,330.24
360400,330.25
360500,330.26
360600,330.27
360700,330.28
360800,330.29
360910,330.3
361010,330.31
361110,330.32
361210,330.33
361320,330.34
361420,330.35
361520,330.36
361620,330.37
361720,330.38
361830,330.39
361930,330.4
362030,330.41
362130,330.42
362240,330.43
362340,330.44
362440,330.45
362540,330.46
362650,330.47
362750,330.48
362850,330.49
362950,330.5
363060,330.51
363160,330.52
363260,330.53
363360,330.54
363470,330.55
363570,330.56
363670,330.57
363770,330.58
363880,330.59
363980,330.6
364080,330.61
364190,330.62
364290,330.63
364390,330.64
364490,330.65
364600,330.66
364700,330.67
364800,330.68
364910,330.69
365010,330.7
365110,330.71
365220,330.72
365320,330.73
365420,330.74
365520,330.75
365630,330.76
365730,330.77
365830,330.78
365940,330.79
366040,330.8
366140,330.81
366250,330.82
366350,330.83
366450,330.84
366560,330.85
366660,330.86
366760,330.87
366870,330.88
366970,330.89
367070,330.9
367180,330.91
367280,330.92
367380,330.93
367490,330.94
367590,330.95
367690,330.96
367800,330.97
367900,330.98
368010,330.99
368110,331
368210,331.01
368320,331.02
368420,331.03
368520,331.04
368630,331.05
368730,331.06
368840,331.07
368940,331.08
369040,331.09
369150,331.1
369250,331.11
369350,331.12
369460,331.13
369560,331.14
369670,331.15
369770,331.16
369870,331.17
369980,331.18
370080,331.19
370190,331.2
370290,331.21
370400,331.22
370500,331.23
370600,331.24
370710,331.25
370810,331.26
370920,331.27
371020,331.28
371120,331.29
371230,331.3
371330,331.31
371440,331.32
371540,331.33
371650,331.34
371750,331.35
371860,331.36
371960,331.37
372060,331.38
372170,331.39
372270,331.4
372380,331.41
372480,331.42
372590,331.43
372690,331.44
372800,331.45
372900,331.46
373010,331.47
373110,331.48
373220,331.49
373320,331.5
373420,331.51
373530,331.52
373630,331.53
373740,331.54
373840,331.55
373950,331.56
374050,331.57
374160,331.58
374260,331.59
374370,331.6
374470,331.61
374580,331.62
374680,331.63
374790,331.64
374890,331.65
375000,331.66
375100,331.67
375210,331.68
375310,331.69
375420,331.7
375530,331.71
375630,331.72
375740,331.73
375840,331.74
375950,331.75
376050,331.76
376160,331.77
376260,331.78
376370,331.79
376470,331.8
376580,331.81
376680,331.82
376790,331.83
376900,331.84
377000,331.85
377110,331.86
377210,331.87
377320,331.88
377420,331.89
377530,331.9
377630,331.91
377740,331.92
377850,331.93
377950,331.94
378060,331.95
378160,331.96
378270,331.97
378370,331.98
378480,331.99
378590,332
378690,332.01
378800,332.02
378900,332.03
379010,332.04
379120,332.05
379220,332.06
379330,332.07
379430,332.08
379540,332.09
379650,332.1
379750,332.11
379860,332.12
379960,332.13
380070,332.14
380180,332.15
380280,332.16
380390,332.17
380500,332.18
380600,332.19
380710,332.2
380810,332.21
380920,332.22
381030,332.23
381130,332.24
381240,332.25
381350,332.26
381450,332.27
381560,332.28
381670,332.29
381770,332.3
381880,332.31
381990,332.32
382090,332.33
382200,332.34
382310,332.35
382410,332.36
382520,332.37
382630,332.38
382730,332.39
382840,332.4
382950,332.41
383050,332.42
383160,332.43
383270,332.44
383370,332.45
383480,332.46
383590,332.47
383690,332.48
383800,332.49
383910,332.5
384020,332.51
384120,332.52
384230,332.53
384340,332.54
384440,332.55
384550,332.56
384660,332.57
384770,332.58
384870,332.59
384980,332.6
385090,332.61
385190,332.62
385300,332.63
385410,332.64
385520,332.65
385620,332.66
385730,332.67
385840,332.68
385950,332.69
386050,332.7
386160,332.71
386270,332.72
386380,332.73
386480,332.74
386590,332.75
386700,332.76
386810,332.77
386910,332.78
387020,332.79
387130,332.8
387240,332.81
387340,332.82
387450,332.83
387560,332.84
387670,332.85
387780,332.86
387880,332.87
387990,332.88
388100,332.89
388210,332.9
388320,332.91
388420,332.92
388530,332.93
388640,332.94
388750,332.95
388860,332.96
388960,332.97
389070,332.98
389180,332.99
389290,333
389400,333.01
389500,333.02
389610,333.03
389720,333.04
389830,333.05
389940,333.06
390050,333.07
390150,333.08
390260,333.09
390370,333.1
390480,333.11
390590,333.12
390700,333.13
390800,333.14
390910,333.15
391020,333.16
391130,333.17
391240,333.18
391350,333.19
391460,333.2
391560,333.21
391670,333.22
391780,333.23
391890,333.24
392000,333.25
392110,333.26
392220,333.27
392320,333.28
392430,333.29
392540,333.3
392650,333.31
392760,333.32
392870,333.33
392980,333.34
393090,333.35
393200,333.36
393300,333.37
393410,333.38
393520,333.39
393630,333.4
393740,333.41
393850,333.42
393960,333.43
394070,333.44
394180,333.45
394290,333.46
394400,333.47
394510,333.48
394610,333.49
394720,333.5
394830,333.51
394940,333.52
395050,333.53
395160,333.54
395270,333.55
395380,333.56
395490,333.57
395600,333.58
395710,333.59
395820,333.6
395930,333.61
396040,333.62
396150,333.63
396260,333.64
396370,333.65
396480,333.66
396580,333.67
396690,333.68
396800,333.69
396910,333.7
397020,333.71
397130,333.72
397240,333.73
397350,333.74
397460,333.75
397570,333.76
397680,333.77
397790,333.78
397900,333.79
398010,333.8
398120,333.81
398230,333.82
398340,333.83
398450,333.84
398560,333.85
398670,333.86
398780,333.87
398890,333.88
399000,333.89
399110,333.9
399220,333.91
399330,333.92
399440,333.93
399550,333.94
399660,333.95
399780,333.96
399890,333.97
400000,333.98
400110,333.99
400220,334
400330,334.01
400440,334.02
400550,334.03
400660,334.04
400770,334.05
400880,334.06
400990,334.07
401100,334.08
401210,334.09
401320,334.1
401430,334.11
401540,334.12
401650,334.13
401770,334.14
401880,334.15
401990,334.16
402100,334.17
402210,334.18
402320,334.19
402430,334.2
402540,334.21
402650,334.22
402760,334.23
402870,334.24
402980,334.25
403100,334.26
403210,334.27
403320,334.28
403430,334.29
403540,334.3
403650,334.31
403760,334.32
403870,334.33
403980,334.34
404100,334.35
404210,334.36
404320,334.37
404430,334.38
404540,334.39
404650,334.4
404760,334.41
404880,334.42
404990,334.43
405100,334.44
405210,334.45
405320,334.46
405430,334.47
405540,334.48
405660,334.49
405770,334.5
405880,334.51
405990,334.52
406100,334.53
406210,334.54
406330,334.55
406440,334.56
406550,334.57
406660,334.58
406770,334.59
406880,334.6
407000,334.61
407110,334.62
407220,334.63
407330,334.64
407440,334.65
407560,334.66
407670,334.67
407780,334.68
407890,334.69
408000,334.7
408120,334.71
408230,334.72
408340,334.73
408450,334.74
408560,334.75
408680,334.76
408790,334.77
408900,334.78
409010,334.79
409130,334.8
409240,334.81
409350,334.82
409460,334.83
409570,334.84
409690,334.85
409800,334.86
409910,334.87
410020,334.88
410140,334.89
410250,334.9
410360,334.91
410470,334.92
410590,334.93
410700,334.94
410810,334.95
410930,334.96
411040,334.97
411150,334.98
411260,334.99
411380,335
411490,335.01
411600,335.02
411710,335.03
411830,335.04
411940,335.05
412050,335.06
412170,335.07
412280,335.08
412390,335.09
412500,335.1
412620,335.11
412730,335.12
412840,335.13
412960,335.14
413070,335.15
413180,335.16
413300,335.17
413410,335.18
413520,335.19
413640,335.2
413750,335.21
413860,335.22
413980,335.23
414090,335.24
414200,335.25
414320,335.26
414430,335.27
414540,335.28
414660,335.29
414770,335.3
414880,335.31
415000,335.32
415110,335.33
415220,335.34
415340,335.35
415450,335.36
415560,335.37
415680,335.38
415790,335.39
415910,335.4
416020,335.41
416130,335.42
416250,335.43
416360,335.44
416470,335.45
416590,335.46
416700,335.47
416820,335.48
416930,335.49
417040,335.5
417160,335.51
417270,335.52
417390,335.53
417500,335.54
417610,335.55
417730,335.56
417840,335.57
417960,335.58
418070,335.59
418180,335.6
418300,335.61
418410,335.62
418530,335.63
418640,335.64
418750,335.65
418870,335.66
418980,335.67
419100,335.68
419210,335.69
419330,335.7
419440,335.71
419560,335.72
419670,335.73
419780,335.74
419900,335.75
420010,335.76
420130,335.77
420240,335.78
420360,335.79
420470,335.8
420590,335.81
420700,335.82
420820,335.83
420930,335.84
421050,335.85
421160,335.86
421270,335.87
421390,335.88
421500,335.89
421620,335.9
421730,335.91
421850,335.92
421960,335.93
422080,335.94
422190,335.95
422310,335.96
422420,335.97
422540,335.98
422650,335.99
422770,336
422880,336.01
423000,336.02
423110,336.03
423230,336.04
423350,336.05
423460,336.06
423580,336.07
423690,336.08
423810,336.09
423920,336.1
424040,336.11
424150,336.12
424270,336.13
424380,336.14
424500,336.15
424610,336.16
424730,336.17
424850,336.18
424960,336.19
425080,336.2
425190,336.21
425310,336.22
425420,336.23
425540,336.24
425650,336.25
425770,336.26
425890,336.27
426000,336.28
426120,336.29
426230,336.3
426350,336.31
426460,336.32
426580,336.33
426700,336.34
426810,336.35
426930,336.36
427040,336.37
427160,336.38
427280,336.39
427390,336.4
427510,336.41
427620,336.42
427740,336.43
427860,336.44
427970,336.45
428090,336.46
428210,336.47
428320,336.48
428440,336.49
428550,336.5
428670,336.51
428790,336.52
428900,336.53
429020,336.54
429140,336.55
429250,336.56
429370,336.57
429490,336.58
429600,336.59
429720,336.6
429840,336.61
429950,336.62
430070,336.63
430180,336.64
430300,336.65
430420,336.66
430530,336.67
430650,336.68
430770,336.69
430890,336.7
431000,336.71
431120,336.72
431240,336.73
431350,336.74
431470,336.75
431590,336.76
431700,336.77
431820,336.78
431940,336.79
432050,336.8
432170,336.81
432290,336.82
432410,336.83
432520,336.84
432640,336.85
432760,336.86
432870,336.87
432990,336.88
433110,336.89
433230,336.9
433340,336.91
433460,336.92
433580,336.93
433690,336.94
433810,336.95
433930,336.96
434050,336.97
434160,336.98
434280,336.99
434400,337
434520,337.01
434630,337.02
434750,337.03
434870,337.04
434990,337.05
435100,337.06
435220,337.07
435340,337.08
435460,337.09
435580,337.1
435690,337.11
435810,337.12
435930,337.13
436050,337.14
436160,337.15
436280,337.16
436400,337.17
436520,337.18
436640,337.19
436750,337.2
436870,337.21
436990,337.22
437110,337.23
437230,337.24
437340,337.25
437460,337.26
437580,337.27
437700,337.28
437820,337.29
437930,337.3
438050,337.31
438170,337.32
438290,337.33
438410,337.34
438530,337.35
438640,337.36
438760,337.37
438880,337.38
439000,337.39
439120,337.4
439240,337.41
439360,337.42
439470,337.43
439590,337.44
439710,337.45
439830,337.46
439950,337.47
440070,337.48
440190,337.49
440300,337.5
440420,337.51
440540,337.52
440660,337.53
440780,337.54
440900,337.55
441020,337.56
441140,337.57
441250,337.58
441370,337.59
441490,337.6
441610,337.61
441730,337.62
441850,337.63
441970,337.64
442090,337.65
442210,337.66
442330,337.67
442440,337.68
442560,337.69
442680,337.7
442800,337.71
442920,337.72
443040,337.73
443160,337.74
443280,337.75
443400,337.76
443520,337.77
443640,337.78
443760,337.79
443880,337.8
444000,337.81
444110,337.82
444230,337.83
444350,337.84
444470,337.85
444590,337.86
444710,337.87
444830,337.88
444950,337.89
445070,337.9
445190,337.91
445310,337.92
445430,337.93
445550,337.94
445670,337.95
445790,337.96
445910,337.97
446030,337.98
446150,337.99
446270,338
446390,338.01
446510,338.02
446630,338.03
446750,338.04
446870,338.05
446990,338.06
447110,338.07
447230,338.08
447350,338.09
447470,338.1
447590,338.11
447710,338.12
447830,338.13
447950,338.14
448070,338.15
448190,338.16
448310,338.17
448430,338.18
448550,338.19
448670,338.2
448790,338.21
448910,338.22
449030,338.23
449150,338.24
449270,338.25
449390,338.26
449520,338.27
449640,338.28
449760,338.29
449880,338.3
450000,338.31
450120,338.32
450240,338.33
450360,338.34
450480,338.35
450600,338.36
450720,338.37
450840,338.38
450960,338.39
451080,338.4
451210,338.41
451330,338.42
451450,338.43
451570,338.44
451690,338.45
451810,338.46
451930,338.47
452050,338.48
452170,338.49
452290,338.5
452420,338.51
452540,338.52
452660,338.53
452780,338.54
452900,338.55
453020,338.56
453140,338.57
453260,338.58
453390,338.59
453510,338.6
453630,338.61
453750,338.62
453870,338.63
453990,338.64
454110,338.65
454240,338.66
454360,338.67
454480,338.68
454600,338.69
454720,338.7
454840,338.71
454970,338.72
455090,338.73
455210,338.74
455330,338.75
455450,338.76
455570,338.77
455700,338.78
455820,338.79
455940,338.8
456060,338.81
456180,338.82
456310,338.83
456430,338.84
456550,338.85
456670,338.86
456790,338.87
456920,338.88
457040,338.89
457160,338.9
457280,338.91
457400,338.92
457530,338.93
457650,338.94
457770,338.95
457890,338.96
458020,338.97
458140,338.98
458260,338.99
458380,339
458500,339.01
458630,339.02
458750,339.03
458870,339.04
458990,339.05
459120,339.06
459240,339.07
459360,339.08
459480,339.09
459610,339.1
459730,339.11
459850,339.12
459970,339.13
460100,339.14
460220,339.15
460340,339.16
460470,339.17
460590,339.18
460710,339.19
460830,339.2
460960,339.21
461080,339.22
461200,339.23
461330,339.24
461450,339.25
461570,339.26
461690,339.27
461820,339.28
461940,339.29
462060,339.3
462190,339.31
462310,339.32
462430,339.33
462560,339.34
462680,339.35
462800,339.36
462930,339.37
463050,339.38
463170,339.39
463300,339.4
463420,339.41
463540,339.42
463670,339.43
463790,339.44
463910,339.45
464040,339.46
464160,339.47
464280,339.48
464410,339.49
464530,339.5
464650,339.51
464780,339.52
464900,339.53
465030,339.54
465150,339.55
465270,339.56
465400,339.57
465520,339.58
465640,339.59
465770,339.6
465890,339.61
466020,339.62
466140,339.63
466260,339.64
466390,339.65
466510,339.66
466640,339.67
466760,339.68
466880,339.69
467010,339.7
467130,339.71
467260,339.72
467380,339.73
467500,339.74
467630,339.75
467750,339.76
467880,339.77
468000,339.78
468130,339.79
468250,339.8
468370,339.81
468500,339.82
468620,339.83
468750,339.84
468870,339.85
469000,339.86
469120,339.87
469250,339.88
469370,339.89
469490,339.9
469620,339.91
469740,339.92
469870,339.93
469990,339.94
470120,339.95
470240,339.96
470370,339.97
470490,339.98
470620,339.99
470740,340
470870,340.01
470990,340.02
471120,340.03
471240,340.04
471370,340.05
471490,340.06
471620,340.07
471740,340.08
471870,340.09
471990,340.1
472120,340.11
472240,340.12
472370,340.13
472490,340.14
472620,340.15
472740,340.16
472870,340.17
472990,340.18
473120,340.19
473240,340.2
473370,340.21
473490,340.22
473620,340.23
473740,340.24
473870,340.25
474000,340.26
474120,340.27
474250,340.28
474370,340.29
474500,340.3
474620,340.31
474750,340.32
474870,340.33
475000,340.34
475130,340.35
475250,340.36
475380,340.37
475500,340.38
475630,340.39
475760,340.4
475880,340.41
476010,340.42
476130,340.43
476260,340.44
476380,340.45
476510,340.46
476640,340.47
476760,340.48
476890,340.49
477010,340.5
477140,340.51
477270,340.52
477390,340.53
477520,340.54
477650,340.55
477770,340.56
477900,340.57
478020,340.58
478150,340.59
478280,340.6
478400,340.61
478530,340.62
478660,340.63
478780,340.64
478910,340.65
479040,340.66
479160,340.67
479290,340.68
479420,340.69
479540,340.7
479670,340.71
479790,340.72
479920,340.73
480050,340.74
480170,340.75
480300,340.76
480430,340.77
480560,340.78
480680,340.79
480810,340.8
480940,340.81
481060,340.82
481190,340.83
481320,340.84
481440,340.85
481570,340.86
481700,340.87
481820,340.88
481950,340.89
482080,340.9
482210,340.91
482330,340.92
482460,340.93
482590,340.94
482710,340.95
482840,340.96
482970,340.97
483100,340.98
483220,340.99
483350,341
483480,341.01
483610,341.02
483730,341.03
483860,341.04
483990,341.05
484120,341.06
484240,341.07
484370,341.08
484500,341.09
484630,341.1
484750,341.11
484880,341.12
485010,341.13
485140,341.14
485260,341.15
485390,341.16
485520,341.17
485650,341.18
485780,341.19
485900,341.2
486030,341.21
486160,341.22
486290,341.23
486410,341.24
486540,341.25
486670,341.26
486800,341.27
486930,341.28
487050,341.29
487180,341.3
487310,341.31
487440,341.32
487570,341.33
487700,341.34
487820,341.35
487950,341.36
488080,341.37
488210,341.38
488340,341.39
488470,341.4
488590,341.41
488720,341.42
488850,341.43
488980,341.44
489110,341.45
489240,341.46
489360,341.47
489490,341.48
489620,341.49
489750,341.5
489880,341.51
490010,341.52
490140,341.53
490260,341.54
490390,341.55
490520,341.56
490650,341.57
490780,341.58
490910,341.59
491040,341.6
491170,341.61
491300,341.62
491420,341.63
491550,341.64
491680,341.65
491810,341.66
491940,341.67
492070,341.68
492200,341.69
492330,341.7
492460,341.71
492590,341.72
492710,341.73
492840,341.74
492970,341.75
493100,341.76
493230,341.77
493360,341.78
493490,341.79
493620,341.8
493750,341.81
493880,341.82
494010,341.83
494140,341.84
494270,341.85
494400,341.86
494530,341.87
494660,341.88
494790,341.89
494920,341.9
495040,341.91
495170,341.92
495300,341.93
495430,341.94
495560,341.95
495690,341.96
495820,341.97
495950,341.98
496080,341.99
496210,342
496340,342.01
496470,342.02
496600,342.03
496730,342.04
496860,342.05
496990,342.06
497120,342.07
497250,342.08
497380,342.09
497510,342.1
497640,342.11
497770,342.12
497900,342.13
498030,342.14
498160,342.15
498290,342.16
498420,342.17
498560,342.18
498690,342.19
498820,342.2
498950,342.21
499080,342.22
499210,342.23
499340,342.24
499470,342.25
499600,342.26
499730,342.27
499860,342.28
499990,342.29
500120,342.3
500250,342.31
500380,342.32
500510,342.33
500640,342.34
500770,342.35
500910,342.36
501040,342.37
501170,342.38
501300,342.39
501430,342.4
501560,342.41
501690,342.42
501820,342.43
501950,342.44
502080,342.45
502220,342.46
502350,342.47
502480,342.48
502610,342.49
502740,342.5
502870,342.51
503000,342.52
503130,342.53
503260,342.54
503400,342.55
503530,342.56
503660,342.57
503790,342.58
503920,342.59
504050,342.6
504180,342.61
504320,342.62
504450,342.63
504580,342.64
504710,342.65
504840,342.66
504970,342.67
505110,342.68
505240,342.69
505370,342.7
505500,342.71
505630,342.72
505760,342.73
505900,342.74
506030,342.75
506160,342.76
506290,342.77
506420,342.78
506550,342.79
506690,342.8
506820,342.81
506950,342.82
507080,342.83
507210,342.84
507350,342.85
507480,342.86
507610,342.87
507740,342.88
507880,342.89
508010,342.9
508140,342.91
508270,342.92
508400,342.93
508540,342.94
508670,342.95
508800,342.96
508930,342.97
509070,342.98
509200,342.99
509330,343
509460,343.01
509600,343.02
509730,343.03
509860,343.04
509990,343.05
510130,343.06
510260,343.07
510390,343.08
510520,343.09
510660,343.1
510790,343.11
510920,343.12
511060,343.13
511190,343.14
511320,343.15
511450,343.16
511590,343.17
511720,343.18
511850,343.19
511990,343.2
512120,343.21
512250,343.22
512380,343.23
512520,343.24
512650,343.25
512780,343.26
512920,343.27
513050,343.28
513180,343.29
513320,343.3
513450,343.31
513580,343.32
513720,343.33
513850,343.34
513980,343.35
514120,343.36
514250,343.37
514380,343.38
514520,343.39
514650,343.4
514780,343.41
514920,343.42
515050,343.43
515180,343.44
515320,343.45
515450,343.46
515590,343.47
515720,343.48
515850,343.49
515990,343.5
516120,343.51
516250,343.52
516390,343.53
516520,343.54
516660,343.55
516790,343.56
516920,343.57
517060,343.58
517190,343.59
517330,343.6
517460,343.61
517590,343.62
517730,343.63
517860,343.64
518000,343.65
518130,343.66
518270,343.67
518400,343.68
518530,343.69
518670,343.7
518800,343.71
518940,343.72
519070,343.73
519210,343.74
519340,343.75
519470,343.76
519610,343.77
519740,343.78
519880,343.79
520010,343.8
520150,343.81
520280,343.82
520420,343.83
520550,343.84
520690,343.85
520820,343.86
520950,343.87
521090,343.88
521220,343.89
521360,343.9
521490,343.91
521630,343.92
521760,343.93
521900,343.94
522030,343.95
522170,343.96
522300,343.97
522440,343.98
522570,343.99
522710,344
522840,344.01
522980,344.02
523110,344.03
523250,344.04
523380,344.05
523520,344.06
523650,344.07
523790,344.08
523930,344.09
524060,344.1
524200,344.11
524330,344.12
524470,344.13
524600,344.14
524740,344.15
524870,344.16
525010,344.17
525140,344.18
525280,344.19
525420,344.2
525550,344.21
525690,344.22
525820,344.23
525960,344.24
526090,344.25
526230,344.26
526370,344.27
526500,344.28
526640,344.29
526770,344.3
526910,344.31
527040,344.32
527180,344.33
527320,344.34
527450,344.35
527590,344.36
527720,344.37
527860,344.38
528000,344.39
528130,344.4
528270,344.41
528410,344.42
528540,344.43
528680,344.44
528810,344.45
528950,344.46
529090,344.47
529220,344.48
529360,344.49
529500,344.5
529630,344.51
529770,344.52
529900,344.53
530040,344.54
530180,344.55
530310,344.56
530450,344.57
530590,344.58
530720,344.59
530860,344.6
531000,344.61
531130,344.62
531270,344.63
531410,344.64
531540,344.65
531680,344.66
531820,344.67
531960,344.68
532090,344.69
532230,344.7
532370,344.71
532500,344.72
532640,344.73
532780,344.74
532910,344.75
533050,344.76
533190,344.77
533330,344.78
533460,344.79
533600,344.8
533740,344.81
533870,344.82
534010,344.83
534150,344.84
534290,344.85
534420,344.86
534560,344.87
534700,344.88
534840,344.89
534970,344.9
535110,344.91
535250,344.92
535390,344.93
535520,344.94
535660,344.95
535800,344.96
535940,344.97
536070,344.98
536210,344.99
536350,345
536490,345.01
536620,345.02
536760,345.03
536900,345.04
537040,345.05
537180,345.06
537310,345.07
537450,345.08
537590,345.09
537730,345.1
537870,345.11
538000,345.12
538140,345.13
538280,345.14
538420,345.15
538560,345.16
538690,345.17
538830,345.18
538970,345.19
539110,345.2
539250,345.21
539390,345.22
539520,345.23
539660,345.24
539800,345.25
539940,345.26
540080,345.27
540220,345.28
540350,345.29
540490,345.3
540630,345.31
540770,345.32
540910,345.33
541050,345.34
541190,345.35
541320,345.36
541460,345.37
541600,345.38
541740,345.39
541880,345.4
542020,345.41
542160,345.42
542300,345.43
542430,345.44
542570,345.45
542710,345.46
542850,345.47
542990,345.48
543130,345.49
543270,345.5
543410,345.51
543550,345.52
543690,345.53
543830,345.54
543960,345.55
544100,345.56
544240,345.57
544380,345.58
544520,345.59
544660,345.6
544800,345.61
544940,345.62
545080,345.63
545220,345.64
545360,345.65
545500,345.66
545640,345.67
545780,345.68
545920,345.69
546060,345.7
546190,345.71
546330,345.72
546470,345.73
546610,345.74
546750,345.75
546890,345.76
547030,345.77
547170,345.78
547310,345.79
547450,345.8
547590,345.81
547730,345.82
547870,345.83
548010,345.84
548150,345.85
548290,345.86
548430,345.87
548570,345.88
548710,345.89
548850,345.9
548990,345.91
549130,345.92
549270,345.93
549410,345.94
549550,345.95
549690,345.96
549830,345.97
549970,345.98
550110,345.99
550260,346
550400,346.01
550540,346.02
550680,346.03
550820,346.04
550960,346.05
551100,346.06
551240,346.07
551380,346.08
551520,346.09
551660,346.1
551800,346.11
551940,346.12
552080,346.13
552220,346.14
552360,346.15
552510,346.16
552650,346.17
552790,346.18
552930,346.19
553070,346.2
553210,346.21
553350,346.22
553490,346.23
553630,346.24
553770,346.25
553910,346.26
554060,346.27
554200,346.28
554340,346.29
554480,346.3
554620,346.31
554760,346.32
554900,346.33
555040,346.34
555190,346.35
555330,346.36
555470,346.37
555610,346.38
555750,346.39
555890,346.4
556030,346.41
556180,346.42
556320,346.43
556460,346.44
556600,346.45
556740,346.46
556880,346.47
557030,346.48
557170,346.49
557310,346.5
557450,346.51
557590,346.52
557730,346.53
557880,346.54
558020,346.55
558160,346.56
558300,346.57
558440,346.58
558590,346.59
558730,346.6
558870,346.61
559010,346.62
559150,346.63
559300,346.64
559440,346.65
559580,346.66
559720,346.67
559870,346.68
560010,346.69
560150,346.7
560290,346.71
560430,346.72
560580,346.73
560720,346.74
560860,346.75
561000,346.76
561150,346.77
561290,346.78
561430,346.79
561570,346.8
561720,346.81
561860,346.82
562000,346.83
562140,346.84
562290,346.85
562430,346.86
562570,346.87
562720,346.88
562860,346.89
563000,346.9
563140,346.91
563290,346.92
563430,346.93
563570,346.94
563720,346.95
563860,346.96
564000,346.97
564140,346.98
564290,346.99
564430,347
564570,347.01
564720,347.02
564860,347.03
565000,347.04
565150,347.05
565290,347.06
565430,347.07
565580,347.08
565720,347.09
565860,347.1
566010,347.11
566150,347.12
566290,347.13
566440,347.14
566580,347.15
566720,347.16
566870,347.17
567010,347.18
567160,347.19
567300,347.2
567440,347.21
567590,347.22
567730,347.23
567870,347.24
568020,347.25
568160,347.26
568300,347.27
568450,347.28
568590,347.29
568740,347.3
568880,347.31
569020,347.32
569170,347.33
569310,347.34
569460,347.35
569600,347.36
569740,347.37
569890,347.38
570030,347.39
570180,347.4
570320,347.41
570470,347.42
570610,347.43
570750,347.44
570900,347.45
571040,347.46
571190,347.47
571330,347.48
571480,347.49
571620,347.5
571770,347.51
571910,347.52
572050,347.53
572200,347.54
572340,347.55
572490,347.56
572630,347.57
572780,347.58
572920,347.59
573070,347.6
573210,347.61
573360,347.62
573500,347.63
573650,347.64
573790,347.65
573940,347.66
574080,347.67
574230,347.68
574370,347.69
574520,347.7
574660,347.71
574810,347.72
574950,347.73
575100,347.74
575240,347.75
575390,347.76
575530,347.77
575680,347.78
575820,347.79
575970,347.8
576110,347.81
576260,347.82
576400,347.83
576550,347.84
576690,347.85
576840,347.86
576990,347.87
577130,347.88
577280,347.89
577420,347.9
577570,347.91
577710,347.92
577860,347.93
578000,347.94
578150,347.95
578300,347.96
578440,347.97
578590,347.98
578730,347.99
578880,348
579030,348.01
579170,348.02
579320,348.03
579460,348.04
579610,348.05
579760,348.06
579900,348.07
580050,348.08
580190,348.09
580340,348.1
580490,348.11
580630,348.12
580780,348.13
580920,348.14
581070,348.15
581220,348.16
581360,348.17
581510,348.18
581660,348.19
581800,348.2
581950,348.21
582100,348.22
582240,348.23
582390,348.24
582530,348.25
582680,348.26
582830,348.27
582970,348.28
583120,348.29
583270,348.3
583410,348.31
583560,348.32
583710,348.33
583850,348.34
584000,348.35
584150,348.36
584300,348.37
584440,348.38
584590,348.39
584740,348.4
584880,348.41
585030,348.42
585180,348.43
585320,348.44
585470,348.45
585620,348.46
585770,348.47
585910,348.48
586060,348.49
586210,348.5
586350,348.51
586500,348.52
586650,348.53
586800,348.54
586940,348.55
587090,348.56
587240,348.57
587390,348.58
587530,348.59
587680,348.6
587830,348.61
587980,348.62
588120,348.63
588270,348.64
588420,348.65
588570,348.66
588710,348.67
588860,348.68
589010,348.69
589160,348.7
589310,348.71
589450,348.72
589600,348.73
589750,348.74
589900,348.75
590040,348.76
590190,348.77
590340,348.78
590490,348.79
590640,348.8
590780,348.81
590930,348.82
591080,348.83
591230,348.84
591380,348.85
591530,348.86
591670,348.87
591820,348.88
591970,348.89
592120,348.9
592270,348.91
592420,348.92
592560,348.93
592710,348.94
592860,348.95
593010,348.96
593160,348.97
593310,348.98
593460,348.99
593600,349
593750,349.01
593900,349.02
594050,349.03
594200,349.04
594350,349.05
594500,349.06
594650,349.07
594790,349.08
594940,349.09
595090,349.1
595240,349.11
595390,349.12
595540,349.13
595690,349.14
595840,349.15
595990,349.16
596130,349.17
596280,349.18
596430,349.19
596580,349.2
596730,349.21
596880,349.22
597030,349.23
597180,349.24
597330,349.25
597480,349.26
597630,349.27
597780,349.28
597930,349.29
598080,349.3
598230,349.31
598370,349.32
598520,349.33
598670,349.34
598820,349.35
598970,349.36
599120,349.37
599270,349.38
599420,349.39
599570,349.4
599720,349.41
599870,349.42
600020,349.43
600170,349.44
600320,349.45
600470,349.46
600620,349.47
600770,349.48
600920,349.49
601070,349.5
601220,349.51
601370,349.52
601520,349.53
601670,349.54
601820,349.55
601970,349.56
602120,349.57
602270,349.58
602420,349.59
602570,349.6
602720,349.61
602870,349.62
603020,349.63
603170,349.64
603320,349.65
603480,349.66
603630,349.67
603780,349.68
603930,349.69
604080,349.7
604230,349.71
604380,349.72
604530,349.73
604680,349.74
604830,349.75
604980,349.76
605130,349.77
605280,349.78
605430,349.79
605580,349.8
605740,349.81
605890,349.82
606040,349.83
606190,349.84
606340,349.85
606490,349.86
606640,349.87
606790,349.88
606940,349.89
607100,349.9
607250,349.91
607400,349.92
607550,349.93
607700,349.94
607850,349.95
608000,349.96
608150,349.97
608310,349.98
608460,349.99
608610,350
609370,350.05
610120,350.1
610880,350.15
611640,350.2
612400,350.25
613160,350.3
613930,350.35
614690,350.4
615450,350.45
616220,350.5
616980,350.55
617750,350.6
618510,350.65
619280,350.7
620050,350.75
620820,350.8
621580,350.85
622350,350.9
623120,350.95
623900,351
624670,351.05
625440,351.1
626210,351.15
626990,351.2
627760,351.25
628540,351.3
629310,351.35
630090,351.4
630870,351.45
631650,351.5
632430,351.55
633200,351.6
633990,351.65
634770,351.7
635550,351.75
636330,351.8
637110,351.85
637900,351.9
638680,351.95
639470,352
640260,352.05
641040,352.1
641830,352.15
642620,352.2
643410,352.25
644200,352.3
644990,352.35
645780,352.4
646570,352.45
647360,352.5
648160,352.55
648950,352.6
649750,352.65
650540,352.7
651340,352.75
652140,352.8
652930,352.85
653730,352.9
654530,352.95
655330,353
656130,353.05
656930,353.1
657740,353.15
658540,353.2
659340,353.25
660150,353.3
660950,353.35
661760,353.4
662570,353.45
663370,353.5
664180,353.55
664990,353.6
665800,353.65
666610,353.7
667420,353.75
668230,353.8
669050,353.85
669860,353.9
670670,353.95
671490,354
672300,354.05
673120,354.1
673940,354.15
674760,354.2
675570,354.25
676390,354.3
677210,354.35
678030,354.4
678860,354.45
679680,354.5
680500,354.55
681330,354.6
682150,354.65
682980,354.7
683800,354.75
684630,354.8
685460,354.85
686280,354.9
687110,354.95
687940,355
688770,355.05
689600,355.1
690440,355.15
691270,355.2
692100,355.25
692940,355.3
693770,355.35
694610,355.4
695440,355.45
696280,355.5
697120,355.55
697960,355.6
698800,355.65
699640,355.7
700480,355.75
701320,355.8
702160,355.85
703010,355.9
703850,355.95
704700,356
705540,356.05
706390,356.1
707240,356.15
708080,356.2
708930,356.25
709780,356.3
710630,356.35
711480,356.4
712330,356.45
713190,356.5
714040,356.55
714890,356.6
715750,356.65
716600,356.7
717460,356.75
718320,356.8
719180,356.85
720030,356.9
720890,356.95
721750,357
722620,357.05
723480,357.1
724340,357.15
725200,357.2
726070,357.25
726930,357.3
727800,357.35
728660,357.4
729530,357.45
730400,357.5
731270,357.55
732140,357.6
733010,357.65
733880,357.7
734750,357.75
735620,357.8
736500,357.85
737370,357.9
738240,357.95
739120,358
740000,358.05
740870,358.1
741750,358.15
742630,358.2
743510,358.25
744390,358.3
745270,358.35
746150,358.4
747040,358.45
747920,358.5
748800,358.55
749690,358.6
750570,358.65
751460,358.7
752350,358.75
753240,358.8
754120,358.85
755010,358.9
755910,358.95
756800,359
757690,359.05
758580,359.1
759470,359.15
760370,359.2
761260,359.25
762160,359.3
763060,359.35
763950,359.4
764850,359.45
765750,359.5
766650,359.55
767550,359.6
768450,359.65
769360,359.7
770260,359.75
771160,359.8
772070,359.85
772970,359.9
773880,359.95
774790,360
775700,360.05
776600,360.1
777510,360.15
778420,360.2
779340,360.25
780250,360.3
781160,360.35
782070,360.4
782990,360.45
783900,360.5
784820,360.55
785740,360.6
786650,360.65
787570,360.7
788490,360.75
789410,360.8
790330,360.85
791250,360.9
792170,360.95
793100,361
794020,361.05
794950,361.1
795870,361.15
796800,361.2
797720,361.25
798650,361.3
799580,361.35
800510,361.4
801440,361.45
802370,361.5
803300,361.55
804240,361.6
805170,361.65
806110,361.7
807040,361.75
807980,361.8
808910,361.85
809850,361.9
810790,361.95
811730,362
812670,362.05
813610,362.1
814550,362.15
815490,362.2
816440,362.25
817380,362.3
818330,362.35
819270,362.4
820220,362.45
821170,362.5
822120,362.55
823060,362.6
824010,362.65
824960,362.7
825920,362.75
826870,362.8
827820,362.85
828780,362.9
829730,362.95
830690,363
831640,363.05
832600,363.1
833560,363.15
834520,363.2
835480,363.25
836440,363.3
837400,363.35
838360,363.4
839320,363.45
840290,363.5
841250,363.55
842220,363.6
843190,363.65
844150,363.7
845120,363.75
846090,363.8
847060,363.85
848030,363.9
849000,363.95
849970,364
850950,364.05
851920,364.1
852900,364.15
853870,364.2
854850,364.25
855820,364.3
856800,364.35
857780,364.4
858760,364.45
859740,364.5
860720,364.55
861710,364.6
862690,364.65
863670,364.7
864660,364.75
865640,364.8
866630,364.85
867620,364.9
868600,364.95
869590,365
870580,365.05
871570,365.1
872570,365.15
873560,365.2
874550,365.25
875550,365.3
876540,365.35
877540,365.4
878530,365.45
879530,365.5
880530,365.55
881530,365.6
882530,365.65
883530,365.7
884530,365.75
885530,365.8
886540,365.85
887540,365.9
888550,365.95
889550,366
890560,366.05
891570,366.1
892570,366.15
893580,366.2
894590,366.25
895600,366.3
896620,366.35
897630,366.4
898640,366.45
899660,366.5
900670,366.55
901690,366.6
902710,366.65
903720,366.7
904740,366.75
905760,366.8
906780,366.85
907800,366.9
908830,366.95
909850,367
910870,367.05
911900,367.1
912920,367.15
913950,367.2
914980,367.25
916010,367.3
917030,367.35
918060,367.4
919100,367.45
920130,367.5
921160,367.55
922190,367.6
923230,367.65
924260,367.7
925300,367.75
926340,367.8
927370,367.85
928410,367.9
929450,367.95
930490,368
931530,368.05
932580,368.1
933620,368.15
934660,368.2
935710,368.25
936750,368.3
937800,368.35
938850,368.4
939890,368.45
940940,368.5
941990,368.55
943040,368.6
944100,368.65
945150,368.7
946200,368.75
947260,368.8
948310,368.85
949370,368.9
950420,368.95
951480,369
952540,369.05
953600,369.1
954660,369.15
955720,369.2
956790,369.25
957850,369.3
958910,369.35
959980,369.4
961040,369.45
962110,369.5
963180,369.55
964250,369.6
965320,369.65
966390,369.7
967460,369.75
968530,369.8
969600,369.85
970680,369.9
971750,369.95
972830,370
973900,370.05
974980,370.1
976060,370.15
977140,370.2
978220,370.25
979300,370.3
980380,370.35
981460,370.4
982550,370.45
983630,370.5
984720,370.55
985800,370.6
986890,370.65
987980,370.7
989070,370.75
990160,370.8
991250,370.85
992340,370.9
993430,370.95
994530,371
995620,371.05
996720,371.1
997810,371.15
998910,371.2
1000000,371.25
1001100,371.3
1002200,371.35
1003300,371.4
1004400,371.45
1005500,371.5
1006600,371.55
1007700,371.6
1008800,371.65
1009900,371.7
1011000,371.75
1012100,371.8
1013300,371.85
1014400,371.9
1015500,371.95
1016600,372
1017700,372.05
1018800,372.1
1019900,372.15
1021000,372.2
1022200,372.25
1023300,372.3
1024400,372.35
1025500,372.4
1026600,372.45
1027800,372.5
1028900,372.55
1030000,372.6
1031100,372.65
1032200,372.7
1033400,372.75
1034500,372.8
1035600,372.85
1036800,372.9
1037900,372.95
1039000,373
1040100,373.05
1041300,373.1
1042400,373.15
1043500,373.2
1044700,373.25
1045800,373.3
1046900,373.35
1048100,373.4
1049200,373.45
1050400,373.5
1051500,373.55
1052600,373.6
1053800,373.65
1054900,373.7
1056100,373.75
1057200,373.8
1058400,373.85
1059500,373.9
1060700,373.95
1061800,374
1063000,374.05
1064100,374.1
1065300,374.15
1066400,374.2
1067600,374.25
1068700,374.3
1069900,374.35
1071000,374.4
1072200,374.45
1073300,374.5
1074500,374.55
1075700,374.6
1076800,374.65
1078000,374.7
1079100,374.75
1080300,374.8
1081500,374.85
1082600,374.9
1083800,374.95
1085000,375
1086100,375.05
1087300,375.1
1088500,375.15
1089600,375.2
1090800,375.25
1092000,375.3
1093200,375.35
1094300,375.4
1095500,375.45
1096700,375.5
1097900,375.55
1099000,375.6
1100200,375.65
1101400,375.7
1102600,375.75
1103800,375.8
1105000,375.85
1106100,375.9
1107300,375.95
1108500,376
1109700,376.05
1110900,376.1
1112100,376.15
1113300,376.2
1114500,376.25
1115600,376.3
1116800,376.35
1118000,376.4
1119200,376.45
1120400,376.5
1121600,376.55
1122800,376.6
1124000,376.65
1125200,376.7
1126400,376.75
1127600,376.8
1128800,376.85
1130000,376.9
1131200,376.95
1132400,377
1133600,377.05
1134800,377.1
1136100,377.15
1137300,377.2
1138500,377.25
1139700,377.3
1140900,377.35
1142100,377.4
1143300,377.45
1144500,377.5
1145800,377.55
1147000,377.6
1148200,377.65
1149400,377.7
1150600,377.75
1151800,377.8
1153100,377.85
1154300,377.9
1155500,377.95
1156700,378
1158000,378.05
1159200,378.1
1160400,378.15
1161600,378.2
1162900,378.25
1164100,378.3
1165300,378.35
1166600,378.4
1167800,378.45
1169000,378.5
1170300,378.55
1171500,378.6
1172700,378.65
1174000,378.7
1175200,378.75
1176500,378.8
1177700,378.85
1178900,378.9
1180200,378.95
1181400,379
1182700,379.05
1183900,379.1
1185200,379.15
1186400,379.2
1187700,379.25
1188900,379.3
1190200,379.35
1191400,379.4
1192700,379.45
1193900,379.5
1195200,379.55
1196400,379.6
1197700,379.65
1199000,379.7
1200200,379.75
1201500,379.8
1202700,379.85
1204000,379.9
1205300,379.95
1206500,380
1207800,380.05
1209100,380.1
1210300,380.15
1211600,380.2
1212900,380.25
1214100,380.3
1215400,380.35
1216700,380.4
1217900,380.45
1219200,380.5
1220500,380.55
1221800,380.6
1223000,380.65
1224300,380.7
1225600,380.75
1226900,380.8
1228200,380.85
1229400,380.9
1230700,380.95
1232000,381
1233300,381.05
1234600,381.1
1235900,381.15
1237200,381.2
1238400,381.25
1239700,381.3
1241000,381.35
1242300,381.4
1243600,381.45
1244900,381.5
1246200,381.55
1247500,381.6
1248800,381.65
1250100,381.7
1251400,381.75
1252700,381.8
1254000,381.85
1255300,381.9
1256600,381.95
1257900,382
1259200,382.05
1260500,382.1
1261800,382.15
1263100,382.2
1264400,382.25
1265700,382.3
1267100,382.35
1268400,382.4
1269700,382.45
1271000,382.5
1272300,382.55
1273600,382.6
1274900,382.65
1276300,382.7
1277600,382.75
1278900,382.8
1280200,382.85
1281500,382.9
1282900,382.95
1284200,383
1285500,383.05
1286800,383.1
1288200,383.15
1289500,383.2
1290800,383.25
1292200,383.3
1293500,383.35
1294800,383.4
1296200,383.45
1297500,383.5
1298800,383.55
1300200,383.6
1301500,383.65
1302800,383.7
1304200,383.75
1305500,383.8
1306900,383.85
1308200,383.9
1309600,383.95
1310900,384
1312200,384.05
1313600,384.1
1314900,384.15
1316300,384.2
1317600,384.25
1319000,384.3
1320300,384.35
1321700,384.4
1323100,384.45
1324400,384.5
1325800,384.55
1327100,384.6
1328500,384.65
1329800,384.7
1331200,384.75
1332600,384.8
1333900,384.85
1335300,384.9
1336700,384.95
1338000,385
1339400,385.05
1340800,385.1
1342100,385.15
1343500,385.2
1344900,385.25
1346200,385.3
1347600,385.35
1349000,385.4
1350400,385.45
1351700,385.5
1353100,385.55
1354500,385.6
1355900,385.65
1357300,385.7
1358600,385.75
1360000,385.8
1361400,385.85
1362800,385.9
1364200,385.95
1365600,386
1367000,386.05
1368300,386.1
1369700,386.15
1371100,386.2
1372500,386.25
1373900,386.3
1375300,386.35
1376700,386.4
1378100,386.45
1379500,386.5
1380900,386.55
1382300,386.6
1383700,386.65
1385100,386.7
1386500,386.75
1387900,386.8
1389300,386.85
1390700,386.9
1392100,386.95
1393500,387
1394900,387.05
1396400,387.1
1397800,387.15
1399200,387.2
1400600,387.25
1402000,387.3
1403400,387.35
1404800,387.4
1406300,387.45
1407700,387.5
1409100,387.55
1410500,387.6
1411900,387.65
1413400,387.7
1414800,387.75
1416200,387.8
1417600,387.85
1419100,387.9
1420500,387.95
1421900,388
1423400,388.05
1424800,388.1
1426200,388.15
1427700,388.2
1429100,388.25
1430500,388.3
1432000,388.35
1433400,388.4
1434800,388.45
1436300,388.5
1437700,388.55
1439200,388.6
1440600,388.65
1442100,388.7
1443500,388.75
1445000,388.8
1446400,388.85
1447900,388.9
1449300,388.95
1450800,389
1452200,389.05
1453700,389.1
1455100,389.15
1456600,389.2
1458000,389.25
1459500,389.3
1460900,389.35
1462400,389.4
1463900,389.45
1465300,389.5
1466800,389.55
1468300,389.6
1469700,389.65
1471200,389.7
1472700,389.75
1474100,389.8
1475600,389.85
1477100,389.9
1478500,389.95
1480000,390
1481500,390.05
1483000,390.1
1484400,390.15
1485900,390.2
1487400,390.25
1488900,390.3
1490400,390.35
1491900,390.4
1493300,390.45
1494800,390.5
1496300,390.55
1497800,390.6
1499300,390.65
1500800,390.7
1502300,390.75
1503800,390.8
1505200,390.85
1506700,390.9
1508200,390.95
1509700,391
1511200,391.05
1512700,391.1
1514200,391.15
1515700,391.2
1517200,391.25
1518700,391.3
1520200,391.35
1521700,391.4
1523200,391.45
1524800,391.5
1526300,391.55
1527800,391.6
1529300,391.65
1530800,391.7
1532300,391.75
1533800,391.8
1535300,391.85
1536900,391.9
1538400,391.95
1539900,392
1541400,392.05
1542900,392.1
1544500,392.15
1546000,392.2
1547500,392.25
1549000,392.3
1550600,392.35
1552100,392.4
1553600,392.45
1555100,392.5
1556700,392.55
1558200,392.6
1559700,392.65
1561300,392.7
1562800,392.75
1564300,392.8
1565900,392.85
1567400,392.9
1569000,392.95
1570500,393
1572000,393.05
1573600,393.1
1575100,393.15
1576700,393.2
1578200,393.25
1579800,393.3
1581300,393.35
1582900,393.4
1584400,393.45
1586000,393.5
1587500,393.55
1589100,393.6
1590600,393.65
1592200,393.7
1593800,393.75
1595300,393.8
1596900,393.85
1598400,393.9
1600000,393.95
1601600,394
1603100,394.05
1604700,394.1
1606300,394.15
1607800,394.2
1609400,394.25
1611000,394.3
1612600,394.35
1614100,394.4
1615700,394.45
1617300,394.5
1618900,394.55
1620400,394.6
1622000,394.65
1623600,394.7
1625200,394.75
1626800,394.8
1628300,394.85
1629900,394.9
1631500,394.95
1633100,395
1634700,395.05
1636300,395.1
1637900,395.15
1639500,395.2
1641100,395.25
1642700,395.3
1644200,395.35
1645800,395.4
1647400,395.45
1649000,395.5
1650600,395.55
1652200,395.6
1653900,395.65
1655500,395.7
1657100,395.75
1658700,395.8
1660300,395.85
1661900,395.9
1663500,395.95
1665100,396
1666700,396.05
1668300,396.1
1669900,396.15
1671600,396.2
1673200,396.25
1674800,396.3
1676400,396.35
1678000,396.4
1679700,396.45
1681300,396.5
1682900,396.55
1684500,396.6
1686200,396.65
1687800,396.7
1689400,396.75
1691000,396.8
1692700,396.85
1694300,396.9
1695900,396.95
1697600,397
1699200,397.05
1700900,397.1
1702500,397.15
1704100,397.2
1705800,397.25
1707400,397.3
1709100,397.35
1710700,397.4
1712400,397.45
1714000,397.5
1715600,397.55
1717300,397.6
1718900,397.65
1720600,397.7
1722300,397.75
1723900,397.8
1725600,397.85
1727200,397.9
1728900,397.95
1730500,398
1732200,398.05
1733900,398.1
1735500,398.15
1737200,398.2
1738800,398.25
1740500,398.3
1742200,398.35
1743900,398.4
1745500,398.45
1747200,398.5
1748900,398.55
1750500,398.6
1752200,398.65
1753900,398.7
1755600,398.75
1757200,398.8
1758900,398.85
1760600,398.9
1762300,398.95
1764000,399
1765700,399.05
1767300,399.1
1769000,399.15
1770700,399.2
1772400,399.25
1774100,399.3
1775800,399.35
1777500,399.4
1779200,399.45
1780900,399.5
1782600,399.55
1784300,399.6
1786000,399.65
1787700,399.7
1789400,399.75
1791100,399.8
1792800,399.85
1794500,399.9
1796200,399.95
1797900,400
1799600,400.05
1801300,400.1
1803000,400.15
1804800,400.2
1806500,400.25
1808200,400.3
1809900,400.35
1811600,400.4
1813300,400.45
1815100,400.5
1816800,400.55
1818500,400.6
1820200,400.65
1822000,400.7
1823700,400.75
1825400,400.8
1827100,400.85
1828900,400.9
1830600,400.95
1832300,401
1834100,401.05
1835800,401.1
1837500,401.15
1839300,401.2
1841000,401.25
1842800,401.3
1844500,401.35
1846200,401.4
1848000,401.45
1849700,401.5
1851500,401.55
1853200,401.6
1855000,401.65
1856700,401.7
1858500,401.75
1860200,401.8
1862000,401.85
1863700,401.9
1865500,401.95
1867300,402
1869000,402.05
1870800,402.1
1872500,402.15
1874300,402.2
1876100,402.25
1877800,402.3
1879600,402.35
1881400,402.4
1883100,402.45
1884900,402.5
1886700,402.55
1888500,402.6
1890200,402.65
1892000,402.7
1893800,402.75
1895600,402.8
1897300,402.85
1899100,402.9
1900900,402.95
1902700,403
1904500,403.05
1906300,403.1
1908100,403.15
1909800,403.2
1911600,403.25
1913400,403.3
1915200,403.35
1917000,403.4
1918800,403.45
1920600,403.5
1922400,403.55
1924200,403.6
1926000,403.65
1927800,403.7
1929600,403.75
1931400,403.8
1933200,403.85
1935000,403.9
1936800,403.95
1938600,404
1940500,404.05
1942300,404.1
1944100,404.15
1945900,404.2
1947700,404.25
1949500,404.3
1951300,404.35
1953200,404.4
1955000,404.45
1956800,404.5
1958600,404.55
1960500,404.6
1962300,404.65
1964100,404.7
1965900,404.75
1967800,404.8
1969600,404.85
1971400,404.9
1973300,404.95
1975100,405
1976900,405.05
1978800,405.1
1980600,405.15
1982500,405.2
1984300,405.25
1986200,405.3
1988000,405.35
1989800,405.4
1991700,405.45
1993500,405.5
1995400,405.55
1997200,405.6
1999100,405.65
2001000,405.7
2002800,405.75
2004700,405.8
2006500,405.85
2008400,405.9
2010200,405.95
2012100,406
2014000,406.05
2015800,406.1
2017700,406.15
2019600,406.2
2021400,406.25
2023300,406.3
2025200,406.35
2027100,406.4
2028900,406.45
2030800,406.5
2032700,406.55
2034600,406.6
2036400,406.65
2038300,406.7
2040200,406.75
2042100,406.8
2044000,406.85
2045900,406.9
2047700,406.95
2049600,407
2051500,407.05
2053400,407.1
2055300,407.15
2057200,407.2
2059100,407.25
2061000,407.3
2062900,407.35
2064800,407.4
2066700,407.45
2068600,407.5
2070500,407.55
2072400,407.6
2074300,407.65
2076200,407.7
2078100,407.75
2080000,407.8
2082000,407.85
2083900,407.9
2085800,407.95
2087700,408
2089600,408.05
2091500,408.1
2093500,408.15
2095400,408.2
2097300,408.25
2099200,408.3
2101200,408.35
2103100,408.4
2105000,408.45
2106900,408.5
2108900,408.55
2110800,408.6
2112700,408.65
2114700,408.7
2116600,408.75
2118500,408.8
2120500,408.85
2122400,408.9
2124400,408.95
2126300,409
2128300,409.05
2130200,409.1
2132200,409.15
2134100,409.2
2136100,409.25
2138000,409.3
2140000,409.35
2141900,409.4
2143900,409.45
2145800,409.5
2147800,409.55
2149700,409.6
2151700,409.65
2153700,409.7
2155600,409.75
2157600,409.8
2159600,409.85
2161500,409.9
2163500,409.95
2165500,410
2167500,410.05
2169400,410.1
2171400,410.15
2173400,410.2
2175400,410.25
2177300,410.3
2179300,410.35
2181300,410.4
2183300,410.45
2185300,410.5
2187300,410.55
2189200,410.6
2191200,410.65
2193200,410.7
2195200,410.75
2197200,410.8
2199200,410.85
2201200,410.9
2203200,410.95
2205200,411
2207200,411.05
2209200,411.1
2211200,411.15
2213200,411.2
2215200,411.25
2217200,411.3
2219200,411.35
2221300,411.4
2223300,411.45
2225300,411.5
2227300,411.55
2229300,411.6
2231300,411.65
2233400,411.7
2235400,411.75
2237400,411.8
2239400,411.85
2241400,411.9
2243500,411.95
2245500,412
2247500,412.05
2249600,412.1
2251600,412.15
2253600,412.2
2255700,412.25
2257700,412.3
2259700,412.35
2261800,412.4
2263800,412.45
2265900,412.5
2267900,412.55
2270000,412.6
2272000,412.65
2274000,412.7
2276100,412.75
2278200,412.8
2280200,412.85
2282300,412.9
2284300,412.95
2286400,413
2288400,413.05
2290500,413.1
2292600,413.15
2294600,413.2
2296700,413.25
2298700,413.3
2300800,413.35
2302900,413.4
2305000,413.45
2307000,413.5
2309100,413.55
2311200,413.6
2313200,413.65
2315300,413.7
2317400,413.75
2319500,413.8
2321600,413.85
2323700,413.9
2325700,413.95
2327800,414
2329900,414.05
2332000,414.1
2334100,414.15
2336200,414.2
2338300,414.25
2340400,414.3
2342500,414.35
2344600,414.4
2346700,414.45
2348800,414.5
2350900,414.55
2353000,414.6
2355100,414.65
2357200,414.7
2359300,414.75
2361400,414.8
2363500,414.85
2365600,414.9
2367700,414.95
2369900,415
2372000,415.05
2374100,415.1
2376200,415.15
2378300,415.2
2380500,415.25
2382600,415.3
2384700,415.35
2386800,415.4
2389000,415.45
2391100,415.5
2393200,415.55
2395400,415.6
2397500,415.65
2399700,415.7
2401800,415.75
2403900,415.8
2406100,415.85
2408200,415.9
2410400,415.95
2412500,416
2414700,416.05
2416800,416.1
2419000,416.15
2421100,416.2
2423300,416.25
2425400,416.3
2427600,416.35
2429700,416.4
2431900,416.45
2434100,416.5
2436200,416.55
2438400,416.6
2440600,416.65
2442700,416.7
2444900,416.75
2447100,416.8
2449200,416.85
2451400,416.9
2453600,416.95
2455800,417
2457900,417.05
2460100,417.1
2462300,417.15
2464500,417.2
2466700,417.25
2468900,417.3
2471000,417.35
2473200,417.4
2475400,417.45
2477600,417.5
2479800,417.55
2482000,417.6
2484200,417.65
2486400,417.7
2488600,417.75
2490800,417.8
2493000,417.85
2495200,417.9
2497400,417.95
2499600,418
2501800,418.05
2504000,418.1
2506300,418.15
2508500,418.2
2510700,418.25
2512900,418.3
2515100,418.35
2517300,418.4
2519600,418.45
2521800,418.5
2524000,418.55
2526200,418.6
2528500,418.65
2530700,418.7
2532900,418.75
2535200,418.8
2537400,418.85
2539600,418.9
2541900,418.95
2544100,419
2546400,419.05
2548600,419.1
2550800,419.15
2553100,419.2
2555300,419.25
2557600,419.3
2559800,419.35
2562100,419.4
2564300,419.45
2566600,419.5
2568900,419.55
2571100,419.6
2573400,419.65
2575600,419.7
2577900,419.75
2580200,419.8
2582400,419.85
2584700,419.9
2587000,419.95
2589300,420
2591500,420.05
2593800,420.1
2596100,420.15
2598400,420.2
2600600,420.25
2602900,420.3
2605200,420.35
2607500,420.4
2609800,420.45
2612100,420.5
2614300,420.55
2616600,420.6
2618900,420.65
2621200,420.7
2623500,420.75
2625800,420.8
2628100,420.85
2630400,420.9
2632700,420.95
2635000,421
2637300,421.05
2639600,421.1
2642000,421.15
2644300,421.2
2646600,421.25
2648900,421.3
2651200,421.35
2653500,421.4
2655800,421.45
2658200,421.5
2660500,421.55
2662800,421.6
2665100,421.65
2667500,421.7
2669800,421.75
2672100,421.8
2674500,421.85
2676800,421.9
2679100,421.95
2681500,422
2683800,422.05
2686100,422.1
2688500,422.15
2690800,422.2
2693200,422.25
2695500,422.3
2697900,422.35
2700200,422.4
2702600,422.45
2704900,422.5
2707300,422.55
2709600,422.6
2712000,422.65
2714400,422.7
2716700,422.75
2719100,422.8
2721500,422.85
2723800,422.9
2726200,422.95
2728600,423
2730900,423.05
2733300,423.1
2735700,423.15
2738100,423.2
2740500,423.25
2742800,423.3
2745200,423.35
2747600,423.4
2750000,423.45
2752400,423.5
2754800,423.55
2757200,423.6
2759600,423.65
2761900,423.7
2764300,423.75
2766700,423.8
2769100,423.85
2771500,423.9
2773900,423.95
2776400,424
2778800,424.05
2781200,424.1
2783600,424.15
2786000,424.2
2788400,424.25
2790800,424.3
2793200,424.35
2795700,424.4
2798100,424.45
2800500,424.5
2802900,424.55
2805400,424.6
2807800,424.65
2810200,424.7
2812600,424.75
2815100,424.8
2817500,424.85
2820000,424.9
2822400,424.95
2824800,425
2827300,425.05
2829700,425.1
2832200,425.15
2834600,425.2
2837100,425.25
2839500,425.3
2842000,425.35
2844400,425.4
2846900,425.45
2849300,425.5
2851800,425.55
2854300,425.6
2856700,425.65
2859200,425.7
2861700,425.75
2864100,425.8
2866600,425.85
2869100,425.9
2871500,425.95
2874000,426
2876500,426.05
2879000,426.1
2881500,426.15
2883900,426.2
2886400,426.25
2888900,426.3
2891400,426.35
2893900,426.4
2896400,426.45
2898900,426.5
2901400,426.55
2903900,426.6
2906400,426.65
2908900,426.7
2911400,426.75
2913900,426.8
2916400,426.85
2918900,426.9
2921400,426.95
2923900,427
2926400,427.05
2929000,427.1
2931500,427.15
2934000,427.2
2936500,427.25
2939000,427.3
2941600,427.35
2944100,427.4
2946600,427.45
2949200,427.5
2951700,427.55
2954200,427.6
2956800,427.65
2959300,427.7
2961800,427.75
2964400,427.8
2966900,427.85
2969500,427.9
2972000,427.95
2974600,428
2977100,428.05
2979700,428.1
2982200,428.15
2984800,428.2
2987400,428.25
2989900,428.3
2992500,428.35
2995000,428.4
2997600,428.45
3000200,428.5
3002800,428.55
3005300,428.6
3007900,428.65
3010500,428.7
3013100,428.75
3015600,428.8
3018200,428.85
3020800,428.9
3023400,428.95
3026000,429
3028600,429.05
3031200,429.1
3033800,429.15
3036300,429.2
3038900,429.25
3041500,429.3
3044100,429.35
3046800,429.4
3049400,429.45
3052000,429.5
3054600,429.55
3057200,429.6
3059800,429.65
3062400,429.7
3065000,429.75
3067700,429.8
3070300,429.85
3072900,429.9
3075500,429.95
3078200,430
3080800,430.05
3083400,430.1
3086000,430.15
3088700,430.2
3091300,430.25
3094000,430.3
3096600,430.35
3099200,430.4
3101900,430.45
3104500,430.5
3107200,430.55
3109800,430.6
3112500,430.65
3115100,430.7
3117800,430.75
3120500,430.8
3123100,430.85
3125800,430.9
3128500,430.95
3131100,431
3133800,431.05
3136500,431.1
3139100,431.15
3141800,431.2
3144500,431.25
3147200,431.3
3149900,431.35
3152500,431.4
3155200,431.45
3157900,431.5
3160600,431.55
3163300,431.6
3166000,431.65
3168700,431.7
3171400,431.75
3174100,431.8
3176800,431.85
3179500,431.9
3182200,431.95
3184900,432
3187600,432.05
3190300,432.1
3193100,432.15
3195800,432.2
3198500,432.25
3201200,432.3
3203900,432.35
3206700,432.4
3209400,432.45
3212100,432.5
3214900,432.55
3217600,432.6
3220300,432.65
3223100,432.7
3225800,432.75
3228600,432.8
3231300,432.85
3234000,432.9
3236800,432.95
3239500,433
3242300,433.05
3245100,433.1
3247800,433.15
3250600,433.2
3253300,433.25
3256100,433.3
3258900,433.35
3261600,433.4
3264400,433.45
3267200,433.5
3270000,433.55
3272700,433.6
3275500,433.65
3278300,433.7
3281100,433.75
3283900,433.8
3286700,433.85
3289500,433.9
3292300,433.95
3295100,434
3297900,434.05
3300700,434.1
3303500,434.15
3306300,434.2
3309100,434.25
3311900,434.3
3314700,434.35
3317500,434.4
3320300,434.45
3323200,434.5
3326000,434.55
3328800,434.6
3331600,434.65
3334500,434.7
3337300,434.75
3340100,434.8
3343000,434.85
3345800,434.9
3348600,434.95
3351500,435
3354300,435.05
3357200,435.1
3360000,435.15
3362900,435.2
3365700,435.25
3368600,435.3
3371500,435.35
3374300,435.4
3377200,435.45
3380100,435.5
3382900,435.55
3385800,435.6
3388700,435.65
3391600,435.7
3394400,435.75
3397300,435.8
3400200,435.85
3403100,435.9
3406000,435.95
3408900,436
3411800,436.05
3414700,436.1
3417600,436.15
3420500,436.2
3423400,436.25
3426300,436.3
3429200,436.35
3432100,436.4
3435100,436.45
3438000,436.5
3440900,436.55
3443800,436.6
3446800,436.65
3449700,436.7
3452600,436.75
3455600,436.8
3458500,436.85
3461400,436.9
3464400,436.95
3467300,437
3470300,437.05
3473200,437.1
3476200,437.15
3479200,437.2
3482100,437.25
3485100,437.3
3488100,437.35
3491000,437.4
3494000,437.45
3497000,437.5
3500000,437.55
3503000,437.6
3505900,437.65
3508900,437.7
3511900,437.75
3514900,437.8
3517900,437.85
3520900,437.9
3523900,437.95
3527000,438
3530000,438.05
3533000,438.1
3536000,438.15
3539000,438.2
3542100,438.25
3545100,438.3
3548100,438.35
3551200,438.4
3554200,438.45
3557300,438.5
3560300,438.55
3563400,438.6
3566500,438.65
3569500,438.7
