T,P_sat,rho_l,rho_g,Cp_l,Cp_g,lambda,k_l,k_g,mu_l,mu_g,sigma
280,991.82,999.86,0.0076812,4201.4,1891.3,2484700,0.57191,0.017204,0.0014337,9.1447E-06,0.074677
281,1062.1,999.81,0.0081963,4199.4,1892.4,2482300,0.57411,0.01727,0.0013911,9.1743E-06,0.074533
282,1136.7,999.75,0.0087414,4197.5,1893.5,2479900,0.57628,0.017336,0.0013504,9.2041E-06,0.074388
283,1215.9,999.67,0.0093178,4195.8,1894.5,2477500,0.5784,0.017402,0.0013117,9.2339E-06,0.074243
284,1299.9,999.58,0.009927,4194.2,1895.6,2475200,0.58048,0.017469,0.0012746,0.000009264,0.074097
285,1389,999.47,0.010571,4192.7,1896.7,2472800,0.58253,0.017535,0.0012393,9.2941E-06,0.073951
286,1483.5,999.35,0.01125,4191.4,1897.8,2470400,0.58454,0.017602,0.0012055,9.3243E-06,0.073804
287,1583.5,999.22,0.011967,4190.1,1898.9,2468100,0.58651,0.017669,0.0011731,9.3547E-06,0.073656
288,1689.4,999.08,0.012724,4189,1900,2465700,0.58845,0.017737,0.0011422,9.3852E-06,0.073508
289,1801.5,998.92,0.013522,4187.9,1901.2,2463300,0.59036,0.017804,0.0011125,9.4158E-06,0.073359
290,1920,998.76,0.014363,4186.9,1902.3,2461000,0.59224,0.017872,0.001084,9.4466E-06,0.07321
291,2045.3,998.58,0.015248,4186,1903.4,2458600,0.59408,0.01794,0.0010567,9.4774E-06,0.07306
292,2177.8,998.39,0.016181,4185.2,1904.6,2456200,0.5959,0.018008,0.0010305,9.5083E-06,0.07291
293,2317.7,998.19,0.017162,4184.5,1905.7,2453900,0.59769,0.018077,0.0010053,9.5394E-06,0.072759
294,2465.4,997.98,0.018195,4183.8,1906.9,2451500,0.59945,0.018146,0.00098111,9.5705E-06,0.072607
295,2621.2,997.76,0.019281,4183.2,1908.1,2449100,0.60118,0.018214,0.00095783,9.6018E-06,0.072455
296,2785.6,997.53,0.020422,4182.6,1909.2,2446800,0.60288,0.018284,0.00093543,9.6332E-06,0.072302
297,2959,997.29,0.021621,4182.1,1910.4,2444400,0.60456,0.018353,0.00091386,9.6646E-06,0.072149
298,3141.7,997.04,0.022881,4181.7,1911.6,2442000,0.60621,0.018423,0.00089309,9.6962E-06,0.071995
299,3334.2,996.78,0.024203,4181.3,1912.9,2439700,0.60784,0.018493,0.00087306,9.7278E-06,0.071841
300,3536.8,996.51,0.02559,4180.9,1914.1,2437300,0.60944,0.018563,0.00085375,9.7596E-06,0.071686
301,3750.1,996.23,0.027045,4180.6,1915.3,2434900,0.61102,0.018633,0.00083512,9.7914E-06,0.07153
302,3974.5,995.95,0.02857,4180.3,1916.6,2432500,0.61258,0.018704,0.00081714,9.8233E-06,0.071374
303,4210.5,995.65,0.030169,4180.1,1917.8,2430200,0.61411,0.018775,0.00079978,9.8553E-06,0.071218
304,4458.6,995.35,0.031844,4179.9,1919.1,2427800,0.61562,0.018846,0.000783,9.8874E-06,0.07106
305,4719.3,995.03,0.033598,4179.8,1920.4,2425400,0.61711,0.018918,0.00076679,9.9196E-06,0.070903
306,4993.2,994.71,0.035434,4179.7,1921.7,2423000,0.61857,0.018989,0.00075111,9.9519E-06,0.070744
307,5280.7,994.38,0.037355,4179.6,1923,2420700,0.62002,0.019061,0.00073595,9.9842E-06,0.070586
308,5582.5,994.04,0.039365,4179.5,1924.3,2418300,0.62144,0.019133,0.00072128,0.000010017,0.070426
309,5899.1,993.7,0.041466,4179.5,1925.7,2415900,0.62284,0.019206,0.00070708,0.000010049,0.070266
310,6231.1,993.34,0.043663,4179.5,1927,2413500,0.62422,0.019279,0.00069332,0.000010082,0.070106
311,6579.2,992.98,0.045958,4179.5,1928.4,2411100,0.62558,0.019351,0.00068,0.000010114,0.069944
312,6944,992.61,0.048355,4179.6,1929.8,2408700,0.62692,0.019425,0.00066708,0.000010147,0.069783
313,7326.1,992.23,0.050858,4179.6,1931.2,2406300,0.62824,0.019498,0.00065456,0.00001018,0.069621
314,7726.2,991.85,0.05347,4179.7,1932.6,2403900,0.62954,0.019572,0.00064242,0.000010213,0.069458
315,8145.1,991.46,0.056195,4179.8,1934.1,2401500,0.63082,0.019646,0.00063064,0.000010246,0.069295
316,8583.4,991.06,0.059038,4180,1935.6,2399200,0.63208,0.019721,0.00061921,0.000010279,0.069131
317,9041.8,990.65,0.062001,4180.2,1937.1,2396800,0.63333,0.019795,0.00060812,0.000010312,0.068967
318,9521.2,990.24,0.06509,4180.3,1938.6,2394400,0.63455,0.01987,0.00059734,0.000010345,0.068802
319,10022,989.81,0.068309,4180.5,1940.1,2391900,0.63576,0.019945,0.00058688,0.000010378,0.068636
320,10546,989.39,0.071662,4180.7,1941.7,2389500,0.63695,0.020021,0.00057671,0.000010411,0.06847
321,11093,988.95,0.075152,4181,1943.3,2387100,0.63812,0.020097,0.00056683,0.000010445,0.068304
322,11664,988.51,0.078786,4181.2,1944.9,2384700,0.63927,0.020173,0.00055722,0.000010478,0.068137
323,12260,988.06,0.082567,4181.5,1946.5,2382300,0.64041,0.020249,0.00054788,0.000010511,0.067969
324,12882,987.61,0.0865,4181.8,1948.2,2379900,0.64152,0.020326,0.00053879,0.000010545,0.067801
325,13531,987.15,0.09059,4182.1,1949.9,2377500,0.64262,0.020403,0.00052995,0.000010578,0.067632
326,14208,986.68,0.094842,4182.4,1951.6,2375100,0.64371,0.02048,0.00052134,0.000010612,0.067463
327,14914,986.21,0.099261,4182.7,1953.3,2372600,0.64477,0.020558,0.00051297,0.000010646,0.067293
328,15649,985.73,0.10385,4183.1,1955.1,2370200,0.64582,0.020636,0.00050481,0.000010679,0.067123
329,16415,985.24,0.10862,4183.5,1956.9,2367800,0.64685,0.020714,0.00049687,0.000010713,0.066952
330,17213,984.75,0.11357,4183.8,1958.7,2365300,0.64787,0.020793,0.00048913,0.000010747,0.066781
331,18044,984.25,0.11871,4184.2,1960.6,2362900,0.64887,0.020872,0.00048159,0.000010781,0.066609
332,18909,983.75,0.12404,4184.6,1962.5,2360500,0.64985,0.020951,0.00047424,0.000010815,0.066437
333,19808,983.24,0.12958,4185.1,1964.5,2358000,0.65081,0.021031,0.00046707,0.000010848,0.066264
334,20744,982.72,0.13532,4185.5,1966.4,2355600,0.65176,0.021111,0.00046009,0.000010882,0.066091
335,21718,982.2,0.14127,4186,1968.4,2353100,0.6527,0.021191,0.00045328,0.000010916,0.065917
336,22730,981.67,0.14743,4186.4,1970.5,2350700,0.65362,0.021272,0.00044663,0.00001095,0.065743
337,23781,981.14,0.15382,4186.9,1972.6,2348200,0.65452,0.021353,0.00044015,0.000010984,0.065568
338,24874,980.6,0.16045,4187.4,1974.7,2345800,0.6554,0.021435,0.00043382,0.000011019,0.065392
339,26009,980.05,0.1673,4187.9,1976.8,2343300,0.65627,0.021517,0.00042764,0.000011053,0.065216
340,27188,979.5,0.1744,4188.5,1979,2340800,0.65713,0.021599,0.00042161,0.000011087,0.06504
341,28411,978.95,0.18175,4189,1981.3,2338400,0.65797,0.021681,0.00041573,0.000011121,0.064863
342,29681,978.39,0.18936,4189.6,1983.5,2335900,0.65879,0.021764,0.00040998,0.000011155,0.064685
343,30999,977.82,0.19723,4190.1,1985.9,2333400,0.6596,0.021848,0.00040436,0.00001119,0.064508
344,32366,977.25,0.20537,4190.7,1988.2,2330900,0.66039,0.021931,0.00039887,0.000011224,0.064329
345,33783,976.67,0.21378,4191.3,1990.6,2328400,0.66117,0.022016,0.00039351,0.000011258,0.06415
346,35253,976.09,0.22249,4191.9,1993.1,2325900,0.66194,0.0221,0.00038827,0.000011293,0.063971
347,36776,975.5,0.23148,4192.6,1995.6,2323400,0.66269,0.022185,0.00038315,0.000011327,0.063791
348,38354,974.9,0.24077,4193.2,1998.1,2320900,0.66342,0.02227,0.00037814,0.000011361,0.06361
349,39989,974.31,0.25037,4193.9,2000.7,2318400,0.66414,0.022356,0.00037324,0.000011396,0.063429
350,41682,973.7,0.26029,4194.6,2003.3,2315900,0.66484,0.022442,0.00036845,0.00001143,0.063248
351,43435,973.09,0.27053,4195.3,2006,2313400,0.66553,0.022529,0.00036377,0.000011465,0.063066
352,45249,972.48,0.2811,4196,2008.8,2310900,0.66621,0.022616,0.00035919,0.000011499,0.062883
353,47127,971.86,0.29201,4196.8,2011.6,2308400,0.66687,0.022704,0.0003547,0.000011534,0.0627
354,49070,971.24,0.30326,4197.5,2014.4,2305900,0.66751,0.022792,0.00035031,0.000011568,0.062517
355,51080,970.61,0.31487,4198.3,2017.3,2303300,0.66815,0.02288,0.00034602,0.000011603,0.062333
356,53158,969.97,0.32685,4199.1,2020.2,2300800,0.66876,0.022969,0.00034181,0.000011637,0.062149
357,55307,969.33,0.3392,4199.9,2023.2,2298200,0.66937,0.023058,0.00033769,0.000011672,0.061964
358,57527,968.69,0.35193,4200.7,2026.3,2295700,0.66996,0.023148,0.00033366,0.000011707,0.061778
359,59822,968.04,0.36506,4201.6,2029.4,2293100,0.67053,0.023238,0.00032971,0.000011741,0.061592
360,62194,967.39,0.37858,4202.4,2032.6,2290600,0.67109,0.023329,0.00032585,0.000011776,0.061406
361,64643,966.73,0.39251,4203.3,2035.8,2288000,0.67164,0.02342,0.00032206,0.000011811,0.061219
362,67172,966.06,0.40686,4204.2,2039.1,2285500,0.67217,0.023512,0.00031834,0.000011845,0.061032
363,69783,965.4,0.42164,4205.1,2042.4,2282900,0.67269,0.023604,0.00031471,0.00001188,0.060844
364,72478,964.72,0.43686,4206.1,2045.8,2280300,0.6732,0.023697,0.00031114,0.000011915,0.060656
365,75260,964.05,0.45253,4207,2049.3,2277700,0.67369,0.02379,0.00030765,0.000011949,0.060467
366,78129,963.36,0.46865,4208,2052.8,2275100,0.67417,0.023884,0.00030422,0.000011984,0.060278
367,81090,962.68,0.48524,4209,2056.4,2272500,0.67464,0.023978,0.00030086,0.000012019,0.060088
368,84142,961.98,0.50231,4210.1,2060.1,2269900,0.67509,0.024073,0.00029757,0.000012053,0.059898
369,87290,961.29,0.51986,4211.1,2063.8,2267300,0.67553,0.024169,0.00029434,0.000012088,0.059708
370,90535,960.59,0.53792,4212.2,2067.6,2264700,0.67596,0.024265,0.00029117,0.000012123,0.059517
371,93880,959.88,0.55648,4213.3,2071.5,2262100,0.67637,0.024361,0.00028806,0.000012157,0.059325
372,97326,959.17,0.57557,4214.4,2075.4,2259400,0.67677,0.024458,0.00028502,0.000012192,0.059133
373,100880,958.46,0.59518,4215.5,2079.4,2256800,0.67715,0.024556,0.00028203,0.000012227,0.058941
374,104530,957.74,0.61534,4216.7,2083.5,2254200,0.67753,0.024654,0.00027909,0.000012262,0.058748
375,108300,957.01,0.63605,4217.8,2087.7,2251500,0.67789,0.024752,0.00027621,0.000012296,0.058555
376,112180,956.29,0.65732,4219,2091.9,2248900,0.67823,0.024852,0.00027338,0.000012331,0.058361
377,116170,955.55,0.67917,4220.3,2096.2,2246200,0.67857,0.024952,0.00027061,0.000012366,0.058166
378,120280,954.82,0.70161,4221.5,2100.6,2243500,0.67889,0.025052,0.00026788,0.000012401,0.057972
379,124500,954.07,0.72465,4222.8,2105,2240800,0.6792,0.025153,0.00026521,0.000012435,0.057777
380,128850,953.33,0.7483,4224.1,2109.6,2238200,0.6795,0.025255,0.00026258,0.00001247,0.057581
381,133330,952.58,0.77257,4225.4,2114.2,2235500,0.67978,0.025357,0.00026,0.000012505,0.057385
382,137930,951.82,0.79748,4226.8,2118.9,2232800,0.68005,0.02546,0.00025747,0.00001254,0.057189
383,142660,951.06,0.82304,4228.1,2123.6,2230100,0.68031,0.025564,0.00025498,0.000012574,0.056992
384,147520,950.3,0.84926,4229.5,2128.5,2227300,0.68056,0.025668,0.00025254,0.000012609,0.056794
385,152520,949.53,0.87615,4230.9,2133.4,2224600,0.68079,0.025773,0.00025013,0.000012644,0.056596
386,157660,948.76,0.90372,4232.4,2138.5,2221900,0.68101,0.025878,0.00024777,0.000012678,0.056398
387,162930,947.98,0.932,4233.9,2143.6,2219100,0.68122,0.025984,0.00024545,0.000012713,0.056199
388,168360,947.2,0.96099,4235.4,2148.8,2216400,0.68142,0.026091,0.00024317,0.000012748,0.056
389,173930,946.41,0.9907,4236.9,2154.1,2213600,0.6816,0.026198,0.00024093,0.000012783,0.055801
390,179640,945.62,1.0212,4238.4,2159.4,2210900,0.68178,0.026307,0.00023873,0.000012817,0.055601
391,185520,944.83,1.0524,4240,2164.9,2208100,0.68194,0.026415,0.00023657,0.000012852,0.0554
392,191540,944.03,1.0843,4241.6,2170.5,2205300,0.68209,0.026525,0.00023444,0.000012887,0.0552
393,197730,943.23,1.1171,4243.3,2176.1,2202500,0.68222,0.026635,0.00023234,0.000012921,0.054998
394,204080,942.42,1.1506,4244.9,2181.8,2199700,0.68235,0.026746,0.00023029,0.000012956,0.054797
395,210600,941.61,1.185,4246.6,2187.7,2196900,0.68246,0.026858,0.00022826,0.000012991,0.054595
396,217280,940.79,1.2202,4248.3,2193.6,2194100,0.68256,0.02697,0.00022627,0.000013025,0.054392
397,224140,939.97,1.2562,4250.1,2199.6,2191300,0.68265,0.027083,0.00022431,0.00001306,0.054189
398,231170,939.15,1.2931,4251.9,2205.8,2188400,0.68273,0.027197,0.00022239,0.000013095,0.053986
399,238380,938.32,1.3308,4253.7,2212,2185600,0.6828,0.027311,0.00022049,0.000013129,0.053782
400,245770,937.49,1.3694,4255.5,2218.3,2182800,0.68285,0.027427,0.00021862,0.000013164,0.053578
401,253350,936.65,1.4089,4257.4,2224.7,2179900,0.6829,0.027543,0.00021679,0.000013198,0.053373
402,261110,935.81,1.4494,4259.3,2231.2,2177000,0.68293,0.02766,0.00021498,0.000013233,0.053168
403,269070,934.96,1.4907,4261.2,2237.9,2174100,0.68295,0.027777,0.00021321,0.000013267,0.052963
404,277220,934.11,1.533,4263.2,2244.6,2171200,0.68296,0.027895,0.00021146,0.000013302,0.052757
405,285580,933.26,1.5763,4265.2,2251.4,2168300,0.68296,0.028015,0.00020973,0.000013337,0.052551
406,294130,932.4,1.6205,4267.2,2258.3,2165400,0.68294,0.028134,0.00020804,0.000013371,0.052344
407,302890,931.54,1.6657,4269.2,2265.4,2162500,0.68292,0.028255,0.00020637,0.000013406,0.052137
408,311870,930.67,1.712,4271.3,2272.5,2159600,0.68288,0.028377,0.00020472,0.00001344,0.05193
409,321050,929.8,1.7593,4273.4,2279.7,2156600,0.68284,0.028499,0.0002031,0.000013475,0.051722
410,330450,928.92,1.8076,4275.6,2287.1,2153700,0.68278,0.028622,0.00020151,0.000013509,0.051514
411,340080,928.04,1.8569,4277.8,2294.5,2150700,0.68271,0.028746,0.00019994,0.000013544,0.051306
412,349930,927.16,1.9074,4280,2302.1,2147700,0.68263,0.028871,0.00019839,0.000013578,0.051097
413,360010,926.27,1.9589,4282.2,2309.8,2144700,0.68254,0.028997,0.00019687,0.000013612,0.050887
414,370320,925.38,2.0116,4284.5,2317.6,2141700,0.68244,0.029123,0.00019537,0.000013647,0.050678
415,380870,924.48,2.0654,4286.8,2325.4,2138700,0.68233,0.02925,0.00019389,0.000013681,0.050468
416,391660,923.58,2.1203,4289.2,2333.4,2135700,0.6822,0.029379,0.00019243,0.000013716,0.050257
417,402690,922.67,2.1764,4291.6,2341.6,2132700,0.68207,0.029508,0.000191,0.00001375,0.050046
418,413970,921.76,2.2336,4294,2349.8,2129600,0.68193,0.029638,0.00018958,0.000013784,0.049835
419,425510,920.85,2.2921,4296.5,2358.1,2126600,0.68177,0.029769,0.00018819,0.000013819,0.049623
420,437300,919.93,2.3518,4299,2366.6,2123500,0.68161,0.0299,0.00018681,0.000013853,0.049411
421,449350,919.01,2.4128,4301.5,2375.1,2120400,0.68143,0.030033,0.00018546,0.000013887,0.049199
422,461670,918.08,2.475,4304.1,2383.8,2117300,0.68124,0.030167,0.00018412,0.000013922,0.048986
423,474250,917.15,2.5384,4306.7,2392.6,2114200,0.68105,0.030301,0.00018281,0.000013956,0.048773
424,487110,916.21,2.6032,4309.3,2401.5,2111100,0.68084,0.030437,0.00018151,0.00001399,0.04856
425,500250,915.27,2.6693,4312,2410.5,2108000,0.68062,0.030573,0.00018023,0.000014025,0.048346
426,513670,914.33,2.7367,4314.7,2419.6,2104800,0.68039,0.03071,0.00017897,0.000014059,0.048132
427,527380,913.38,2.8055,4317.5,2428.9,2101700,0.68016,0.030849,0.00017772,0.000014093,0.047917
428,541380,912.43,2.8757,4320.3,2438.2,2098500,0.67991,0.030988,0.00017649,0.000014127,0.047703
429,555670,911.47,2.9473,4323.1,2447.7,2095300,0.67965,0.031128,0.00017528,0.000014162,0.047487
430,570260,910.51,3.0202,4326,2457.3,2092100,0.67938,0.031269,0.00017409,0.000014196,0.047272
431,585160,909.54,3.0947,4328.9,2467,2088900,0.67923,0.031411,0.00017291,0.00001423,0.047056
432,600360,908.57,3.1705,4331.9,2476.8,2085700,0.67901,0.031555,0.00017175,0.000014264,0.04684
433,615880,907.6,3.2479,4334.9,2486.8,2082500,0.67877,0.031699,0.0001706,0.000014298,0.046623
434,631720,906.62,3.3268,4337.9,2496.8,2079200,0.6785,0.031844,0.00016947,0.000014333,0.046406
435,647870,905.63,3.4072,4341,2507,2075900,0.67822,0.03199,0.00016835,0.000014367,0.046189
436,664360,904.65,3.4891,4344.2,2517.3,2072700,0.67793,0.032137,0.00016725,0.000014401,0.045971
437,681180,903.65,3.5726,4347.3,2527.7,2069400,0.67763,0.032286,0.00016616,0.000014435,0.045754
438,698330,902.66,3.6578,4350.5,2538.3,2066100,0.67731,0.032435,0.00016509,0.000014469,0.045535
439,715830,901.65,3.7445,4353.8,2548.9,2062800,0.67699,0.032585,0.00016403,0.000014503,0.045317
440,733670,900.65,3.8329,4357.1,2559.7,2059400,0.67665,0.032737,0.00016298,0.000014537,0.045098
441,751860,899.64,3.9229,4360.5,2570.6,2056100,0.6763,0.032889,0.00016195,0.000014571,0.044879
442,770410,898.62,4.0146,4363.9,2581.6,2052700,0.67594,0.033043,0.00016093,0.000014606,0.044659
443,789320,897.6,4.108,4367.3,2592.8,2049300,0.67557,0.033198,0.00015992,0.00001464,0.044439
444,808590,896.58,4.2032,4370.8,2604,2045900,0.67519,0.033353,0.00015893,0.000014674,0.044219
445,828240,895.55,4.3001,4374.3,2615.4,2042500,0.67481,0.03351,0.00015795,0.000014708,0.043999
446,848260,894.52,4.3988,4377.9,2626.9,2039100,0.67441,0.033668,0.00015698,0.000014742,0.043778
447,868660,893.48,4.4993,4381.5,2638.6,2035700,0.674,0.033828,0.00015602,0.000014776,0.043557
448,889450,892.44,4.6017,4385.2,2650.3,2032200,0.67358,0.033988,0.00015507,0.00001481,0.043335
449,910630,891.39,4.7059,4388.9,2662.2,2028700,0.67315,0.034149,0.00015414,0.000014844,0.043114
450,932200,890.34,4.812,4392.7,2674.2,2025200,0.67272,0.034312,0.00015322,0.000014878,0.042891
451,954180,889.29,4.92,4396.6,2686.4,2021700,0.67227,0.034476,0.00015231,0.000014912,0.042669
452,976560,888.22,5.03,4400.4,2698.6,2018200,0.67181,0.034641,0.0001514,0.000014946,0.042447
453,999360,887.16,5.1419,4404.4,2711,2014700,0.67135,0.034807,0.00015051,0.00001498,0.042224
454,1022600,886.09,5.2558,4408.4,2723.5,2011100,0.67087,0.034974,0.00014963,0.000015014,0.042001
455,1046200,885.01,5.3717,4412.4,2736.2,2007600,0.67039,0.035143,0.00014876,0.000015048,0.041777
456,1070300,883.93,5.4897,4416.5,2749,2004000,0.66989,0.035313,0.00014791,0.000015082,0.041553
457,1094800,882.85,5.6097,4420.6,2761.9,2000400,0.66939,0.035484,0.00014706,0.000015116,0.041329
458,1119700,881.76,5.7319,4424.8,2774.9,1996800,0.66888,0.035656,0.00014622,0.00001515,0.041105
459,1145100,880.67,5.8562,4429.1,2788.1,1993100,0.66836,0.035829,0.00014539,0.000015184,0.04088
460,1170900,879.57,5.9826,4433.4,2801.4,1989500,0.66783,0.036004,0.00014457,0.000015218,0.040655
461,1197200,878.47,6.1113,4437.8,2814.9,1985800,0.66729,0.03618,0.00014376,0.000015252,0.04043
462,1223900,877.36,6.2421,4442.2,2828.5,1982100,0.66674,0.036358,0.00014295,0.000015286,0.040205
463,1251100,876.24,6.3753,4446.7,2842.2,1978400,0.66618,0.036536,0.00014216,0.00001532,0.039979
464,1278800,875.12,6.5107,4451.3,2856.1,1974700,0.66561,0.036716,0.00014138,0.000015354,0.039753
465,1306900,874,6.6484,4455.9,2870.1,1970900,0.66504,0.036898,0.0001406,0.000015388,0.039527
466,1335600,872.87,6.7884,4460.6,2884.2,1967200,0.66445,0.03708,0.00013983,0.000015422,0.039301
467,1364700,871.74,6.9308,4465.3,2898.5,1963400,0.66386,0.037264,0.00013907,0.000015457,0.039074
468,1394300,870.6,7.0757,4470.1,2912.9,1959600,0.66326,0.03745,0.00013832,0.000015491,0.038847
469,1424500,869.46,7.223,4475,2927.5,1955800,0.66265,0.037636,0.00013758,0.000015525,0.03862
470,1455100,868.31,7.3727,4479.9,2942.2,1951900,0.66203,0.037824,0.00013685,0.000015559,0.038392
471,1486200,867.16,7.525,4484.9,2957.1,1948100,0.6614,0.038014,0.00013612,0.000015593,0.038165
472,1517900,866,7.6798,4489.9,2972.1,1944200,0.66076,0.038205,0.0001354,0.000015627,0.037937
473,1550100,864.83,7.8372,4495.1,2987.3,1940300,0.66011,0.038397,0.00013469,0.000015661,0.037709
474,1582800,863.66,7.9972,4500.3,3002.6,1936400,0.65946,0.038591,0.00013399,0.000015695,0.03748
475,1616000,862.49,8.1598,4505.5,3018.1,1932500,0.65879,0.038787,0.00013329,0.000015729,0.037252
476,1649800,861.31,8.3251,4510.9,3033.7,1928500,0.65812,0.038983,0.0001326,0.000015764,0.037023
477,1684100,860.12,8.4931,4516.3,3049.5,1924500,0.65744,0.039182,0.00013192,0.000015798,0.036794
478,1719000,858.93,8.6639,4521.8,3065.5,1920500,0.65675,0.039382,0.00013124,0.000015832,0.036565
479,1754500,857.74,8.8375,4527.3,3081.6,1916500,0.65605,0.039583,0.00013057,0.000015866,0.036335
480,1790500,856.54,9.0139,4533,3097.9,1912500,0.65535,0.039786,0.00012991,0.000015901,0.036105
481,1827100,855.33,9.1932,4538.7,3114.3,1908400,0.65463,0.03999,0.00012925,0.000015935,0.035876
482,1864200,854.12,9.3753,4544.5,3131,1904400,0.65391,0.040196,0.0001286,0.000015969,0.035645
483,1902000,852.9,9.5604,4550.3,3147.8,1900300,0.65317,0.040404,0.00012796,0.000016004,0.035415
484,1940300,851.68,9.7485,4556.3,3164.8,1896100,0.65243,0.040613,0.00012732,0.000016038,0.035185
485,1979200,850.45,9.9397,4562.3,3181.9,1892000,0.65168,0.040824,0.00012669,0.000016072,0.034954
486,2018800,849.21,10.134,4568.4,3199.3,1887800,0.65093,0.041036,0.00012607,0.000016107,0.034723
487,2058900,847.97,10.331,4574.6,3216.8,1883600,0.65016,0.041251,0.00012545,0.000016141,0.034492
488,2099700,846.73,10.532,4580.9,3234.5,1879400,0.64939,0.041467,0.00012484,0.000016176,0.034261
489,2141100,845.48,10.735,4587.2,3252.4,1875200,0.6486,0.041684,0.00012423,0.00001621,0.034029
490,2183100,844.22,10.942,4593.7,3270.5,1870900,0.64781,0.041903,0.00012363,0.000016245,0.033797
491,2225700,842.96,11.152,4600.2,3288.8,1866700,0.64701,0.042125,0.00012303,0.00001628,0.033566
492,2269000,841.69,11.366,4606.9,3307.3,1862300,0.6462,0.042347,0.00012244,0.000016314,0.033334
493,2312900,840.41,11.583,4613.6,3326,1858000,0.64539,0.042572,0.00012186,0.000016349,0.033101
494,2357500,839.13,11.803,4620.4,3345,1853700,0.64456,0.042799,0.00012128,0.000016384,0.032869
495,2402800,837.84,12.027,4627.4,3364.1,1849300,0.64373,0.043027,0.0001207,0.000016419,0.032637
496,2448700,836.55,12.254,4634.4,3383.4,1844900,0.64289,0.043257,0.00012013,0.000016454,0.032404
497,2495300,835.25,12.485,4641.5,3403,1840500,0.64204,0.043489,0.00011956,0.000016489,0.032171
498,2542600,833.94,12.719,4648.7,3422.8,1836000,0.64118,0.043723,0.000119,0.000016524,0.031938
499,2590500,832.63,12.957,4656,3442.8,1831500,0.64031,0.043959,0.00011845,0.000016559,0.031705
500,2639200,831.31,13.199,4663.5,3463.1,1827000,0.63944,0.044197,0.0001179,0.000016594,0.031472
501,2688600,829.99,13.444,4671,3483.6,1822500,0.63855,0.044437,0.00011735,0.000016629,0.031239
502,2738600,828.66,13.694,4678.6,3504.3,1818000,0.63766,0.044679,0.00011681,0.000016664,0.031005
503,2789400,827.32,13.947,4686.4,3525.3,1813400,0.63676,0.044923,0.00011627,0.000016699,0.030771
504,2840900,825.98,14.204,4694.3,3546.5,1808800,0.63586,0.045169,0.00011574,0.000016735,0.030538
505,2893100,824.63,14.465,4702.2,3568,1804200,0.63494,0.045418,0.00011521,0.00001677,0.030304
506,2946100,823.27,14.73,4710.3,3589.8,1799500,0.63402,0.045668,0.00011469,0.000016806,0.03007
507,2999800,821.9,15,4718.6,3611.8,1794800,0.63308,0.045921,0.00011417,0.000016841,0.029836
508,3054300,820.53,15.273,4726.9,3634.2,1790100,0.63214,0.046175,0.00011365,0.000016877,0.029602
509,3109500,819.16,15.551,4735.4,3656.7,1785400,0.63119,0.046433,0.00011314,0.000016913,0.029367
510,3165500,817.77,15.833,4744,3679.6,1780600,0.63024,0.046692,0.00011263,0.000016949,0.029133
511,3222300,816.38,16.119,4752.7,3702.8,1775800,0.62927,0.046954,0.00011213,0.000016985,0.028898
512,3279800,814.98,16.409,4761.6,3726.3,1771000,0.6283,0.047218,0.00011163,0.000017021,0.028664
513,3338100,813.58,16.704,4770.5,3750.1,1766100,0.62732,0.047484,0.00011113,0.000017057,0.028429
514,3397200,812.16,17.004,4779.7,3774.2,1761300,0.62633,0.047753,0.00011064,0.000017093,0.028194
515,3457100,810.74,17.308,4788.9,3798.6,1756300,0.62533,0.048025,0.00011015,0.000017129,0.027959
516,3517900,809.32,17.617,4798.4,3823.3,1751400,0.62432,0.048299,0.00010966,0.000017166,0.027724
517,3579400,807.88,17.93,4807.9,3848.4,1746400,0.62331,0.048575,0.00010918,0.000017202,0.027489
518,3641700,806.44,18.249,4817.6,3873.8,1741400,0.62228,0.048855,0.0001087,0.000017239,0.027254
519,3704900,804.99,18.572,4827.5,3899.6,1736400,0.62125,0.049137,0.00010822,0.000017275,0.027019
520,3769000,803.53,18.9,4837.5,3925.7,1731300,0.62021,0.049421,0.00010775,0.000017312,0.026784
521,3833800,802.07,19.233,4847.7,3952.3,1726200,0.61917,0.049709,0.00010728,0.000017349,0.026549
522,3899500,800.6,19.571,4858,3979.1,1721100,0.61811,0.049999,0.00010682,0.000017386,0.026314
523,3966100,799.12,19.915,4868.5,4006.4,1715900,0.61705,0.050292,0.00010635,0.000017424,0.026078
524,4033600,797.63,20.264,4879.2,4034.1,1710700,0.61598,0.050588,0.00010589,0.000017461,0.025843
525,4101900,796.13,20.617,4890.1,4062.2,1705500,0.61489,0.050888,0.00010544,0.000017498,0.025608
526,4171100,794.63,20.977,4901.1,4090.7,1700300,0.61381,0.05119,0.00010498,0.000017536,0.025372
527,4241200,793.12,21.342,4912.3,4119.6,1695000,0.61271,0.051495,0.00010453,0.000017574,0.025137
528,4312200,791.59,21.712,4923.7,4149,1689600,0.6116,0.051804,0.00010408,0.000017612,0.024901
529,4384100,790.06,22.088,4935.3,4178.8,1684300,0.61049,0.052116,0.00010364,0.00001765,0.024666
530,4456900,788.53,22.47,4947.1,4209,1678900,0.60937,0.052431,0.00010319,0.000017688,0.02443
531,4530600,786.98,22.858,4959.1,4239.8,1673400,0.60824,0.052749,0.00010275,0.000017726,0.024195
532,4605200,785.43,23.252,4971.3,4271,1668000,0.6071,0.053072,0.00010231,0.000017765,0.02396
533,4680800,783.86,23.651,4983.7,4302.7,1662500,0.60595,0.053397,0.00010188,0.000017804,0.023724
534,4757400,782.29,24.057,4996.4,4335,1656900,0.6048,0.053727,0.00010144,0.000017843,0.023489
535,4834900,780.71,24.469,5009.2,4367.7,1651400,0.60363,0.05406,0.00010101,0.000017882,0.023253
536,4913300,779.12,24.887,5022.3,4401.1,1645700,0.60246,0.054397,0.00010059,0.000017921,0.023018
537,4992700,777.51,25.312,5035.6,4434.9,1640100,0.60128,0.054737,0.00010016,0.00001796,0.022783
538,5073100,775.9,25.744,5049.2,4469.3,1634400,0.60009,0.055082,0.000099735,0.000018,0.022547
539,5154500,774.29,26.182,5063,4504.3,1628700,0.5989,0.055431,0.000099313,0.00001804,0.022312
540,5236900,772.66,26.627,5077,4540,1622900,0.59769,0.055784,0.000098894,0.00001808,0.022077
541,5320300,771.02,27.078,5091.3,4576.2,1617100,0.59647,0.056142,0.000098476,0.00001812,0.021842
542,5404700,769.37,27.537,5105.9,4613.1,1611200,0.59525,0.056504,0.000098061,0.000018161,0.021607
543,5490100,767.71,28.003,5120.8,4650.6,1605300,0.59402,0.05687,0.000097647,0.000018202,0.021372
544,5576500,766.04,28.476,5135.9,4688.8,1599400,0.59278,0.057241,0.000097235,0.000018242,0.021137
545,5664000,764.36,28.956,5151.3,4727.7,1593400,0.59153,0.057617,0.000096826,0.000018284,0.020902
546,5752500,762.67,29.444,5167,4767.2,1587400,0.59027,0.057998,0.000096418,0.000018325,0.020668
547,5842100,760.97,29.94,5183.1,4807.6,1581300,0.58901,0.058384,0.000096012,0.000018367,0.020433
548,5932700,759.26,30.443,5199.4,4848.7,1575200,0.58773,0.058775,0.000095607,0.000018409,0.020199
549,6024400,757.54,30.955,5216.1,4890.5,1569000,0.58645,0.059172,0.000095204,0.000018451,0.019964
550,6117200,755.81,31.474,5233.1,4933.2,1562800,0.58516,0.059574,0.000094803,0.000018494,0.01973
