step,distance,u,P[kPa],T,rho,m_dot,phase,x,P_loss_gas,P_loss_all_phase,Q_release_gas,Delta_T,G_in_gas,G_pipe_gas,R_insu_gas,G_ex_gas,h_in,P_loss_mix,LM_C,LM_X,Delta_P_2p,Q_release_mix,G_in_mix,G_pipe_mix,R_insu_mix,G_ex_mix,P_loss_liq,Q_release_liq,G_in_liq,G_pipe_liq,R_insu_liq,G_ex_liq
start,start,1.4245763164297687,202.68751227895967,67.03530908198218,24.979716357387506,0.007609059715048043,,,,,,,,,,,,,,,,,,,,,,,,,,
0,0.0,1.493107238227244,202.68502947042438,65.25032092492563,23.833192554955378,0.007609059715048043,gas,1.0,2.482808535307413,2.482808535307413,12.780411712405625,1.7849881570565458,0.38451873893349253,51.52687613666788,0.0,3.6002651810139032,,,,,,,,,,,,,,,,
1,0.075,1.5619844487698513,202.68243091282756,63.55207491016006,22.78224494609603,0.007609059715048045,gas,1.0,5.081366132129915,5.081366132129915,24.866293289758254,1.698246014765573,0.3817539649968429,51.52687613666788,0.0,3.6002651810139032,,,,,,,,,,,,,,,,
2,0.15,1.6310263582849642,202.67971611689978,61.93644107129978,21.81786464277987,0.007609059715048043,gas,1.0,7.796162059908966,7.796162059908966,36.29940530025414,1.6156338388602762,0.37915037616719854,51.52687613666788,0.0,3.6002651810139032,,,,,,,,,,,,,,,,
3,0.22499999999999998,1.700082792539699,202.67688492319317,60.399391500641286,20.93163490038475,0.007609059715048043,gas,1.0,10.627355766511755,10.627355766511755,47.11878930059777,1.5370495706584961,0.37670241526580317,51.52687613666788,0.0,3.6002651810139032,,,,,,,,,,,,,,,,
4,0.3,1.7690551012234526,202.67393740821856,58.93709544666768,20.11554772333384,0.007609059715048045,gas,1.0,13.574870741111226,13.574870741111226,57.36089449393317,1.4622960539736027,0.37440342785551484,51.52687613666788,0.0,3.6002651810139032,,,,,,,,,,,,,,,,
5,0.375,1.8378125810905157,202.6708738473786,57.54594265597194,19.362971327985964,0.007609059715048043,gas,1.0,16.63843158108648,16.63843158108648,67.05921920920096,1.3911527906957417,0.3722237179701765,51.52687613666788,0.0,3.6002651810139032,,,,,,,,,,,,,,,,
6,0.44999999999999996,1.906207056107905,202.66769467161294,56.22246059051537,18.668230295257672,0.007609059715048043,gas,1.0,19.817607346747536,19.817607346747536,76.24530498676334,1.3234820654565738,0.37016544195526263,51.52687613666788,0.0,3.6002651810139032,,,,,,,,,,,,,,,,
7,0.525,1.9741587439051924,202.66440058889194,54.96331798415957,18.02565899207977,0.007609059715048043,gas,1.0,23.111690067744348,23.111690067744348,84.94875315976175,1.2591426063557947,0.3682268626530884,51.52687613666788,0.0,3.6002651810139032,,,,,,,,,,,,,,,,
8,0.6,2.0414279909753166,202.66099243729795,53.765352977604834,17.431676488802395,0.007609059715048043,gas,1.0,26.519841661734972,26.519841661734972,93.19717552804948,1.197965006554739,0.3663982336375343,51.52687613666788,0.0,3.6002651810139032,,,,,,,,,,,,,,,,
9,0.6749999999999999,2.1080496389714765,202.6574714510602,52.625550635240074,16.88077531762004,0.007609059715048043,gas,1.0,30.040827899501892,30.040827899501892,101.01638608768818,1.13980234236476,0.3646720512068731,51.52687613666788,0.0,3.6002651810139032,,,,,,,,,,,,,,,,
10,0.75,2.1738996915968887,202.6538387861568,51.54109050813355,16.36943620325341,0.007609059715048043,gas,1.0,33.673492802889086,33.673492802889086,108.43023720256063,1.0844601271065244,0.36302517278708624,51.52687613666788,0.0,3.6002651810139032,,,,,,,,,,,,,,,,
11,0.825,2.2388399128782908,202.65009579540697,50.50924237429575,15.894621187147854,0.007609059715048043,gas,1.0,37.416483552719,37.416483552719,115.46142181761672,1.0318481338377978,0.36146944172172873,51.52687613666788,0.0,3.6002651810139032,,,,,,,,,,,,,,,,
12,0.8999999999999999,2.3028680236440953,202.64624411819437,49.52738576114882,15.452692880574395,0.007609059715048045,gas,1.0,41.26816076532123,41.26816076532123,122.13136921744437,0.9818566131469311,0.3600089766905747,51.52687613666788,0.0,3.6002651810139032,,,,,,,,,,,,,,,,
13,0.975,2.3658623481208596,202.6422852850251,48.593109435056704,15.04124377402267,0.007609059715048043,gas,1.0,45.22699393457151,45.22699393457151,128.45964244355503,0.9342763260921174,0.3586064627934925,51.52687613666788,0.0,3.6002651810139032,,,,,,,,,,,,,,,,
14,1.05,2.42771724018834,202.6382211743619,47.70402719195329,14.658013595976623,0.007609059715048043,gas,1.0,49.29110459779622,49.29110459779622,134.46524887601487,0.8890822431034167,0.35729674657522287,51.52687613666788,0.0,3.6002651810139032,,,,,,,,,,,,,,,,
15,1.125,2.4883269374918715,202.63405368880373,46.85795883241633,14.300979416208158,0.007609059715048045,gas,1.0,53.458590155962156,53.458590155962156,140.1654440315612,0.8460683595369574,0.3560367679699439,51.52687613666788,0.0,3.6002651810139032,,,,,,,,,,,,,,,,
16,1.2,2.547808090249617,202.62978498184012,46.05277152491607,13.967108609966424,0.007609059715048045,gas,1.0,57.727297119563445,57.727297119563445,145.5768917242778,0.8051873075002618,0.35485210544422435,51.52687613666788,0.0,3.6002651810139032,,,,,,,,,,,,,,,,
17,1.275,2.6059995980698116,202.62541697639227,45.286451114593206,13.65522555729659,0.007609059715048043,gas,1.0,62.09530256740982,62.09530256740982,150.71512334066216,0.7663204103228622,0.35372968283726725,51.52687613666788,0.0,3.6002651810139032,,,,,,,,,,,,,,,,
18,1.3499999999999999,2.6628199334934965,202.62095187858773,44.55711199278409,13.363844797113632,0.007609059715048043,gas,1.0,66.56040037196362,66.56040037196362,155.59461199685418,0.7293391218091188,0.35265493381010593,51.52687613666788,0.0,3.6002651810139032,,,,,,,,,,,,,,,,
19,1.425,2.718491254432797,202.6163920369754,43.86292467797301,13.0901698711892,0.007609059715048043,gas,1.0,71.12024198425934,71.12024198425934,160.22925040680155,0.6941873148110744,0.35164546367654353,51.52687613666788,0.0,3.6002651810139032,,,,,,,,,,,,,,,,
20,1.5,2.7725653247611373,202.61173940610342,43.20217211823797,12.83486884729517,0.007609059715048043,gas,1.0,75.77287285626517,75.77287285626517,164.63195583333493,0.6607525597350445,0.3506847499464066,51.52687613666788,0.0,3.6002651810139032,,,,,,,,,,,,,,,,
21,1.575,2.8253762957613016,202.60699668343983,42.57321284053836,12.594963852161493,0.007609059715048043,gas,1.0,80.51559551985702,80.51559551985702,168.8149577766335,0.6289592776996074,0.34977471880494154,51.52687613666788,0.0,3.6002651810139032,,,,,,,,,,,,,,,,
22,1.65,2.8768049756277256,202.60216599475774,41.974508799994965,12.369803519997976,0.007609059715048043,gas,1.0,85.34628420195077,85.34628420195077,172.78968050318417,0.5987040405433959,0.3489027217975893,51.52687613666788,0.0,3.6002651810139032,,,,,,,,,,,,,,,,
23,1.7249999999999999,2.926721010330654,202.59724968926955,41.40458276622445,12.158833106489768,0.007609059715048043,gas,1.0,90.26258969012997,90.26258969012997,176.56698600715274,0.5699260337705141,0.34807372653692475,51.52687613666788,0.0,3.6002651810139032,,,,,,,,,,,,,,,,
24,1.7999999999999998,2.975226093846449,202.59225032962613,40.8620258756892,11.960607762706756,0.007609059715048045,gas,1.0,95.26194933356601,95.26194933356601,180.15715892461733,0.542556890535252,0.3472889872911706,51.52687613666788,0.0,3.6002651810139032,,,,,,,,,,,,,,,,
25,1.875,3.0224709108120766,202.58717027350167,40.34549743563559,11.77364923069067,0.007609059715048045,gas,1.0,100.34200545802014,100.34200545802014,183.56992925040004,0.5165284400536052,0.3465490442531584,51.52687613666788,0.0,3.6002651810139032,,,,,,,,,,,,,,,,
26,1.95,3.068114807021936,202.58201167899853,39.853735923459965,11.598494369383978,0.007609059715048043,gas,1.0,105.50059996114578,105.50059996114578,186.81437253309144,0.49176151217562847,0.34583920251138217,51.52687613666788,0.0,3.6002651810139032,,,,,,,,,,,,,,,,
27,2.025,3.112467497413555,202.57677716883677,39.385539295542,11.433215718216792,0.007609059715048045,gas,1.0,110.7351101229142,110.7351101229142,189.89912791026717,0.4681966279179619,0.34516461651817254,51.52687613666788,0.0,3.6002651810139032,,,,,,,,,,,,,,,,
28,2.1,3.1553305572168737,202.5714689775632,38.93975778256919,11.277903113027676,0.007609059715048043,gas,1.0,116.04330139647936,116.04330139647936,192.8323973847822,0.44578151297281465,0.3445281246438986,51.52687613666788,0.0,3.6002651810139032,,,,,,,,,,,,,,,,
29,2.175,3.1968037988463,202.56608954400565,38.51530324768976,11.131590974306915,0.007609059715048043,gas,1.0,121.42273495404515,121.42273495404515,195.62191914046014,0.4244545348794304,0.34392638829923267,51.52687613666788,0.0,3.6002651810139032,,,,,,,,,,,,,,,,
30,2.25,3.237004224492789,202.56064122674493,38.11115834883151,10.99334750464945,0.00760905971504804,gas,1.0,126.8710522147594,126.8710522147594,198.27484939675307,0.4041448988582488,0.3433348979806987,51.52687613666788,0.0,3.6002651810139032,,,,,,,,,,,,,,,,
31,2.3249999999999997,3.2758770559364008,202.55512613122414,37.72632055602844,10.862896166808527,0.007609059715048043,gas,1.0,132.3861477355531,132.3861477355531,200.79824956374924,0.3848377928030686,0.34279306271871485,51.52687613666788,0.0,3.6002651810139032,,,,,,,,,,,,,,,,
32,2.4,3.1750255038468844,202.54954654375916,38.07918768853739,-,0.007306262200768946,mix,0.9799008415938171,,137.96573520053062,,-0.35286713250894763,,,,,376442.52821192396,5.5795874649775214,12.0,0.001,5.579587464964177,25.940485292413165,12.746244293476568,51.52687613666788,0.0,3.6002651810139032,,,,,,
33,2.475,3.136546520840995,202.54390074452283,38.078257757293215,-,0.007129759249241144,mix,0.9679923752243622,,143.61153443684452,,0.0009299312441726215,,,,,1384.0873399883983,11.225386701291427,20.0,0.002717464129364793,5.645799236313277,42.66738738773988,12.438469799676676,51.52687613666788,0.0,3.6002651810139032,,,,,,
34,2.55,3.1004115290358936,202.53820912352163,38.077316790753855,-,0.0069659494099532935,mix,0.9568077003342729,,149.30315543807228,,0.0009409665393604882,,,,,1185.2364822315938,16.917007702519186,20.0,0.004126845860764837,5.691621001241589,58.37819543870861,12.317697854464978,51.52687613666788,0.0,3.6002651810139032,,,,,,
35,2.625,3.0658187733158067,202.53248210193743,38.07636818725365,-,0.006810901143019727,mix,0.9460994547021828,,155.03017702224315,,0.000948603500205536,,,,,1072.557927463885,22.644029286690056,20.0,0.005418887910235643,5.727021584181017,73.42020236689957,12.204011309629866,51.52687613666788,0.0,3.6002651810139032,,,,,,
36,2.6999999999999997,3.0323771741494134,202.5267263456281,38.07541368365628,-,0.006662663149037117,mix,0.9357469757238481,,160.78593333158642,,0.0009545035973701488,,,,,996.2274870089392,28.399785596033325,20.0,0.006642663427043856,5.7557563093357995,87.96281508895274,12.094927476661008,51.52687613666788,0.0,3.6002651810139032,,,,,,
37,2.775,2.999853400721517,202.5209467273903,38.07445439093806,-,0.006520053070957404,mix,0.9256782705248866,,166.5655515693652,,0.0009592927182211497,,,,,939.5612324925768,34.1794038338121,20.0,0.00782128013554479,5.7796182377893155,102.10710846247669,11.989238844744767,51.52687613666788,0.0,3.6002651810139032,,,,,,
38,2.85,2.968092077872728,202.51514707602803,38.07349112123177,-,0.006382272278412109,mix,0.9158453986335465,,172.36520293165813,,0.0009632697062897932,,,,,895.0577386216044,39.97905519610504,20.0,0.00896809057808672,5.799651362306404,115.9203879195595,11.886226698641632,51.52687613666788,0.0,3.6002651810139032,,,,,,
39,2.925,2.936982218512702,202.5093305409847,38.07252451267141,-,0.0062487426277403274,mix,0.90621411523179,,178.18173797498457,,0.0009666085603612373,,,,,858.7440466875462,45.795590239431476,20.0,0.010091751318036704,5.816535043328584,129.45073035433637,11.785413417954176,51.52687613666788,0.0,3.6002651810139032,,,,,,
40,3.0,2.9064405592599694,202.503499796477,38.07155509016417,-,0.006119024871207627,mix,0.8967587294936848,,184.01248248267802,,0.0009694225072394147,,,,,828.280129392529,51.62633474712493,20.0,0.011198315181586956,5.83074450770466,142.73420301516083,11.686458419323051,51.52687613666788,0.0,3.6002651810139032,,,,,,
41,3.0749999999999997,2.876402326603933,202.49765716687193,38.070583299412874,-,0.005992773155541912,mix,0.8874592555182342,,189.85511208773823,,0.0009717907512936108,,,,,802.1803084459974,57.46896435218514,20.0,0.01229225062656574,5.84262960505229,155.79886358453433,11.589106565106885,51.52687613666788,0.0,3.6002651810139032,,,,,,
42,3.15,2.8468003479685384,202.49180470898554,38.06966530955316,-,0.005869703908096288,mix,0.8782994299931026,,195.70756997415447,,0.0009179898597153624,,,,,779.4469410620925,63.32142223860137,20.0,0.013376996025930394,5.85245788640982,168.6671587822194,11.493159611506455,51.52687613666788,0.0,3.6002651810139032,,,,,,
43,3.225,2.8175848486295654,202.48594428998803,38.06882924414083,-,0.005749582851528393,mix,0.8692659577043186,,201.56798897165572,,0.0008360654123293898,,,,,759.37934359395,69.18184123610263,20.0,0.014455356923279325,5.86041899750112,181.35753062789368,11.39839620849815,51.52687613666788,0.0,3.6002651810139032,,,,,,
44,3.3,2.7887433140240088,202.48007761709334,38.06799204142692,-,0.005632219126804456,mix,0.8603482414506364,,207.43466186634032,,0.0008372027139103011,,,,,741.468898035192,75.04851413078723,20.0,0.015529624185011866,5.866672894690628,193.88539127833732,11.304656384654246,51.52687613666788,0.0,3.6002651810139032,,,,,,
45,3.375,2.7602458923025393,202.47420622602135,38.06715394529908,-,0.005517446245383629,mix,0.8515370705100567,,213.3060529383365,,0.000838096127836252,,,,,725.3370862195349,80.91990520278341,20.0,0.016601579541347618,5.871391072005686,206.26367227440525,11.21192584420228,51.52687613666788,0.0,3.6002651810139032,,,,,,
46,3.4499999999999997,2.73206701216111,202.4683315358056,38.06631517514592,-,0.0054051201459885834,mix,0.8428245547079022,,219.18074315408012,,0.0008387701531660241,,,,,710.6932570161127,86.79459541852702,20.0,0.017672818168510736,5.874690215741651,218.5034510505428,11.1201134430904,51.52687613666788,0.0,3.6002651810139032,,,,,,
47,3.525,2.7041845278238967,202.462454866669,38.06547593368657,-,0.005295114837628836,mix,0.8342038607203612,,225.05741229068371,,0.0008392414593458852,,,,,697.3104183205194,92.67126455513062,20.0,0.018744725406424825,5.876669136597213,230.61432115573686,11.029141104891984,51.52687613666788,0.0,3.6002651810139032,,,,,,
48,3.5999999999999996,2.6765790775540474,202.45657745418907,38.064636409524155,-,0.005187319112449304,mix,0.8256690141510598,,230.93482477060752,,0.0008395241624157279,,,,,685.0081929991399,98.54867703505442,20.0,0.019818523355708124,5.877412479930437,242.60467015430666,10.938941194258975,51.52687613666788,0.0,3.6002651810139032,,,,,,
49,3.675,2.649233592737808,202.45070046070566,38.06379677916988,-,0.005081634017460848,mix,0.81721474806571,,236.81181825403473,,0.0008396303542781425,,,,,673.6410716589473,104.42567051848164,20.0,0.02089530542934456,5.876993483425256,254.48189229520816,10.84945454792822,51.52687613666788,0.0,3.6002651810139032,,,,,,
50,3.75,2.622132915812886,202.44482498463816,38.06295720867223,-,0.004977970877104998,mix,0.8088363851095991,,242.68729432151304,,0.0008395704976464913,,,,,663.0901133342788,110.30114658595994,20.0,0.02197606251043866,5.875476067492274,266.2525540279837,10.760628969237462,51.52687613666788,0.0,3.6002651810139032,,,,,,
51,3.8249999999999997,2.5952634984650844,202.4389520681906,38.062117854948326,-,0.004876249723683004,mix,0.8005297443910654,,248.56021076909383,,0.0008393537239044235,,,,,653.2569539533225,116.17406303354073,20.0,0.02306170312273292,5.872916447582922,277.9225247450658,10.672418057425686,51.52687613666788,0.0,3.6002651810139032,,,,,,
52,3.9,2.5686131600731454,202.4330827037937,38.06127886688438,-,0.004776398035139286,mix,0.7922910669539096,,254.42957516599563,,0.0008389880639469993,,,,,644.0593976233381,122.04342743044253,20.0,0.024153069243956146,5.869364396908327,289.4970814236226,10.584780283626914,51.52687613666788,0.0,3.6002651810139032,,,,,,
53,3.9749999999999996,2.5421708920896444,202.42721783954482,38.06044038625623,-,0.004678349708102606,mix,0.7841169554228599,,260.29443941486534,,0.0008384806281469537,,,,,635.4281171849775,127.90829167931224,20.0,0.025250948891989883,5.864864248873805,300.98099336724874,10.497678251882952,51.52687613666788,0.0,3.6002651810139032,,,,,,
54,4.05,2.5159266979408406,202.42135838384223,38.059602548506405,-,0.004582044213533967,mix,0.7760043246079735,,266.1538951174589,,0.0008378377498274858,,,,,627.3041472421852,133.7677473819058,20.0,0.026356086283486742,5.859455702589326,312.37859156042356,10.411078101112876,51.52687613666788,0.0,3.6002651810139032,,,,,,
55,4.125,2.4898714756047897,202.41550521770952,38.058765483406034,-,0.004487425949488545,mix,0.7679503652752682,,272.0070612501586,,0.0008370651003701823,,,,,619.6386374585965,139.6209135146055,20.0,0.027469146517024055,5.853166132686874,323.69384389881685,10.324992189285224,51.52687613666788,0.0,3.6002651810139032,,,,,,
56,4.2,2.4639968929210236,202.4096591910106,38.05792931681566,-,0.004394443600414903,mix,0.7599525057022366,,277.8530879490718,,0.0008361665903748872,,,,,612.3880996673352,145.46694021351868,20.0,0.028590798896709912,5.846026698919497,334.9303868546641,10.239395859216541,51.52687613666788,0.0,3.6002651810139032,,,,,,
57,4.2749999999999995,2.438295277702751,202.40382111514432,38.05709417014435,-,0.004303049580867027,mix,0.7520083777541245,,283.69116381535423,,0.0008351466713065747,,,,,605.5127820624044,151.30501607980113,20.0,0.029721746286116436,5.8380758662778245,346.09154390581256,10.154215057382723,51.52687613666788,0.0,3.6002651810139032,,,,,,
58,4.35,2.412759556414297,202.39799177483587,38.05626015930636,-,0.004213199677180953,mix,0.744115797933092,,289.5205041238223,,0.0008340108379911726,,,,,598.9796080894439,157.13435638826923,20.0,0.03086262790741023,5.8293403084760795,357.1803793401591,10.069425933983618,51.52687613666788,0.0,3.6002651810139032,,,,,,
59,4.425,2.387383187284171,202.3921719304536,38.05542739640515,-,0.004124852687435478,mix,0.7362727467699667,,295.3403485060844,,0.0008327629012114812,,,,,592.7595313878887,162.95420077053132,20.0,0.03201406919755319,5.819844382262152,368.1997271773736,9.985006423913996,51.52687613666788,0.0,3.6002651810139032,,,,,,
60,4.5,2.3621601030692565,202.38636232006226,38.0545959900648,-,0.004037970111626485,mix,0.7284773511659215,,301.1499588974111,,0.0008314063403531691,,,,,586.8269185969426,168.76381116185803,20.0,0.033176685445768926,5.8096103913355535,379.1522159586253,9.90093604280311,51.52687613666788,0.0,3.6002651810139032,,,,,,
61,4.575,2.337084661718917,202.380563661251,38.053766045723194,-,0.003952515883498184,mix,0.720727869171507,,306.94861770869466,,0.0008299443416035501,,,,,581.1590446760243,174.56246997314156,20.0,0.034351084983275125,5.798658811297268,390.0402901145452,9.817195712581208,51.52687613666788,0.0,3.6002651810139032,,,,,,
62,4.6499999999999995,2.31215160362349,202.37477665276862,38.05293766589301,-,0.003868456137214063,mix,0.7130226767971614,,312.7356261910754,,0.0008283798301818024,,,,,575.7356771603023,180.34947845552233,20.0,0.03553787201345323,5.787008482394541,400.8662284812274,9.733767611130158,51.52687613666788,0.0,3.6002651810139032,,,,,,
63,4.725,2.2873560143859084,202.36900197599306,38.0521109503955,-,0.003785759003351609,mix,0.7053602565277648,,318.5103029666352,,0.0008267154975101221,,,,,570.5387313195707,186.1241552310821,20.0,0.036737649151738654,5.774676775557791,411.63216042395624,9.650635041989602,51.52687613666788,0.0,3.6002651810139032,,,,,,
64,4.8,2.262693292253917,202.36324029625692,38.05128599657047,-,0.003704394429724465,mix,0.6977391872751111,,324.27198270277586,,0.0008249538250311161,,,,,565.5519822933328,191.88583496722276,20.0,0.03795101973114863,5.7616797361405405,422.3400799422738,9.567782320870052,51.52687613666788,0.0,3.6002651810139032,,,,,,
65,4.875,2.238159119506994,202.35749226404798,38.05046289946529,-,0.0036243340233416146,mix,0.6901581355504989,,330.0200149117154,,0.0008230971051830238,,,,,560.7608233492688,197.6338671761623,20.0,0.03917858991903818,5.7480322089286995,432.9918580621577,9.48519467633411,51.52687613666788,0.0,3.6002651810139032,,,,,,
66,4.95,2.213762515896472,202.35175851610066,38.04958204400799,-,0.0035455542183845676,mix,0.6826161661115784,,335.7537628590362,,0.0008808554572965477,,,,,556.1520617375478,203.36761512348312,20.0,0.04042097068263659,5.733747947322959,443.5892537671811,9.402858162486982,51.52687613666788,0.0,3.6002651810139032,,,,,,
67,5.0249999999999995,2.1895031364368207,202.3460396450775,38.048626419350114,-,0.003468030884470701,mix,0.6751122400759326,,341.4726338821929,,0.0009556246578767968,,,,,551.7128629783348,209.0864861466398,20.0,0.0416786478627926,5.718871023143736,454.13383516266157,9.320780521131347,51.52687613666788,0.0,3.6002651810139032,,,,,,
68,5.1,2.165360508402296,202.3403362231586,38.0476732741796,-,0.003391736114214667,mix,0.6676448934910414,,347.1760558010719,,0.0009531451705129257,,,,,547.4321521648197,214.78990806551883,20.0,0.04295219001760821,5.70342191888252,464.6270526933586,9.238955312965967,51.52687613666788,0.0,3.6002651810139032,,,,,,
69,5.175,2.141331223716783,202.33464885201482,38.04672270385976,-,0.0033166468447884093,mix,0.6602130721065081,,352.8634269448521,,0.0009505703198442461,,,,,543.3012110950025,220.477279209299,20.0,0.044242387704373644,5.6873711437892815,475.0703858554389,9.157344077739003,51.52687613666788,0.0,3.6002651810139032,,,,,,
70,5.25,2.117412056897963,202.32897812306916,38.04577480866914,-,0.003242741110126717,mix,0.65281577814637,,358.5341558905202,,0.0009478951906203292,,,,,539.3109980182362,226.1480081549671,20.0,0.045549887555409535,5.670728945677772,485.4652348009066,9.075935476105304,51.52687613666788,0.0,3.6002651810139032,,,,,,
71,5.325,2.093599951478131,202.32332461821062,38.04482968717821,-,0.0031699979608581013,mix,0.6454520659507144,,364.18766074907035,,0.0009451214909290684,,,,,535.4532345337882,231.80151301351725,20.0,0.046875349442543,5.653504858555569,495.8129265076482,8.99471868383987,51.52687613666788,0.0,3.6002651810139032,,,,,,
72,5.3999999999999995,2.0698920072103077,202.3176889104547,38.043887436368436,-,0.0030983973917282424,mix,0.6381210380278187,,369.8233685049636,,0.0009422508097713944,,,,,531.7203237107767,237.4372207694105,20.0,0.048219448036402976,5.635707755896587,506.11472032234815,8.913683350051633,51.52687613666788,0.0,3.6002651810139032,,,,,,
73,5.475,2.04628546852745,202.3120715645575,38.04294815174245,-,0.003027920275895407,mix,0.6308218414929909,,375.4407144021825,,0.0009392846259856924,,,,,528.105278757439,243.0545666666294,20.0,0.0495828743695262,5.617345897223772,516.3718129604439,8.832819557681557,51.52687613666788,0.0,3.6002651810139032,,,,,,
74,5.55,2.02277771410537,202.30647313758772,38.042011927426245,-,0.002958548305296964,mix,0.6235536648480039,,381.0391413719626,,0.0009362243162058803,,,,,524.6016606751798,248.65299363640952,20.0,0.05096633740445149,5.598426969787031,526.5853430278574,8.75211778775613,51.52687613666788,0.0,3.6002651810139032,,,,,,
75,5.625,1.9993662474007714,202.30089417946178,38.04107885626462,-,0.0028902639363960255,mix,0.6163157350614501,,386.6180994978931,,0.0009330711616257759,,,,,521.2035235832922,254.23195176234003,20.0,0.0523705656180857,5.578958125924818,536.7563951202064,8.671568886939557,51.52687613666788,0.0,3.6002651810139032,,,,,,
76,5.7,1.9760486880534265,202.29533523344517,38.04014902991031,-,0.0028230503407100306,mix,0.6091073149157585,,392.17704551451607,,0.000929826354308716,,,,,517.9053666179107,259.790897778963,20.0,0.053796308612953224,5.558946016613115,546.8860035476002,8.591164037991183,51.52687613666788,0.0,3.6002651810139032,,,,,,
77,5.7749999999999995,1.9528010062474221,202.2897968366235,38.03933360477788,-,0.0027568857569648356,mix,0.6019270889631853,,397.7154423361644,,0.0008154251324299366,,,,,514.7020914863405,265.3292946006113,20.0,0.0552443387654652,5.538396821634679,556.9751557267089,8.510894732788433,51.52687613666788,0.0,3.6002651810139032,,,,,,
78,5.85,1.929639003455364,202.28427955992703,38.038542405231965,-,0.00269175873436791,mix,0.5947748132078775,,403.23271903264686,,0.0007911995459153331,,,,,511.58821181291694,270.84657129709376,20.0,0.05671592860185571,5.517276696492916,567.0249248188484,8.430675258887648,51.52687613666788,0.0,3.6002651810139032,,,,,,
79,5.925,1.9065647771465652,202.27878393632042,38.03775422284673,-,0.002627655336261379,mix,0.5876499497939245,,408.72834263925324,,0.0007881823852358139,,,,,508.55992920307233,276.34219490370015,20.0,0.05821155485412216,5.49562360660209,577.0362364075603,8.350561288889839,51.52687613666788,0.0,3.6002651810139032,,,,,,
80,6.0,1.883576339588325,202.2733104862583,38.03696913376007,-,0.002564561212845332,mix,0.580551883765127,,414.2017927013803,,0.000785089086662083,,,,,505.6132861281304,281.81564496582723,20.0,0.05973198371480543,5.473450062122731,587.0099527754894,8.270559938375024,51.52687613666788,0.0,3.6002651810139032,,,,,,
81,6.075,1.8606717862051936,202.2678597256724,38.03618721232266,-,0.0025024625368168787,mix,0.5734800257742697,,419.65255328727653,,0.000781921437408073,,,,,502.7444599301457,287.26640555172344,20.0,0.06127809774866542,5.4507605858872274,596.9469002633233,8.190663709359224,51.52687613666788,0.0,3.6002651810139032,,,,,,
82,6.1499999999999995,1.8378492904569275,202.26243216633102,38.03540853223893,-,0.002441345973696602,mix,0.5664338105211691,,425.08011262866785,,0.0007786800837266128,,,,,499.94987971403515,292.69396489311475,20.0,0.06285081152167601,5.427559341404462,606.8478714538313,8.110865307257807,51.52687613666788,0.0,3.6002651810139032,,,,,,
83,6.225,1.8151070991889466,202.25702831618213,38.03463316661873,-,0.0023811986544485424,mix,0.5594126953185585,,430.48396277756547,,0.0007753656201998638,,,,,497.2262051587336,298.09781504201237,20.0,0.064451073684647,5.403850148898559,616.7136271848184,8.031157624049044,51.52687613666788,0.0,3.6002651810139032,,,,,,
84,6.3,1.792443528342649,202.25164867968223,38.03386118802604,-,0.002322008150136789,mix,0.5524161587689583,,435.8635992774507,,0.0007719785926951772,,,,,494.570307485492,303.4774515418976,20.0,0.06607986916247827,5.379636499873606,626.5448984062815,7.951533722792159,51.52687613666788,0.0,3.6002651810139032,,,,,,
85,6.375,1.7698569589914646,202.24629375811202,38.03309266852608,-,0.002263762448431063,mix,0.5454436995420253,,441.21852084767306,,0.0007685194999567102,,,,,491.97925232608753,308.83237311211997,20.0,0.06773822146243204,5.354921570215859,636.3423878965151,7.871986823153777,51.52687613666788,0.0,3.6002651810139032,,,,,,
86,6.45,1.747345833672428,202.24096404988003,38.032327679730315,-,0.0022064499317941927,mix,0.5384948352430464,,446.54822907963535,,0.0007649887957654755,,,,,489.4502842696496,314.16208134408225,20.0,0.06942719511349493,5.3297082319565,646.10677185027,7.792510287835073,51.52687613666788,0.0,3.6002651810139032,,,,,,
87,6.5249999999999995,1.7249086529862778,202.23566005081625,38.03156629284001,-,0.0021500593572022163,mix,0.5315691013642597,,451.85222814342706,,0.0007613868903035836,,,,,486.98081289612816,319.46608040787396,20.0,0.07114789824969354,5.303999063802919,655.8387013506381,7.713097609803432,51.52687613666788,0.0,3.6002651810139032,,,,,,
88,6.6,1.7025439724420584,202.23038225445575,38.03080857868804,-,0.0020945798372636357,mix,0.5246660503115825,,457.1300245039456,,0.0007577141519732322,,,,,484.5684001294239,324.7438767683925,20.0,0.0729014853511462,5.277796360532884,665.5388037350851,7.633742400241846,51.52687613666788,0.0,3.6002651810139032,,,,,,
89,6.675,1.6802503995246623,202.2251311523144,38.03005460777945,-,0.0020400008226180446,mix,0.5177852505001029,,462.3811266452831,,0.0007539709085904178,,,,,482.2107487645495,329.99497890973,20.0,0.07468916015768362,5.251102141334242,675.2076838649513,7.554438377137964,51.52687613666788,0.0,3.6002651810139032,,,,,,
90,6.75,1.6580462642149312,202.21990723415723,38.02918852538579,-,0.0019863172254004,mix,0.5109269465628735,,467.6050448024471,,0.0008660823936565976,,,,,479.905692041491,335.218897066894,20.0,0.07651217877106509,5.223918157162222,684.8459253067758,7.475179354441709,51.52687613666788,0.0,3.6002651810139032,,,,,,
91,6.825,1.635911769260595,202.21471095745144,38.028317872359594,-,0.0019335147414371013,mix,0.5040901920571603,,472.8013215082465,,0.0008706530261974876,,,,,477.6518779273736,340.4151737726934,20.0,0.07837123695160447,5.196276705811071,694.4539617056726,7.396031581795746,51.52687613666788,0.0,3.6002651810139032,,,,,,
92,6.8999999999999995,1.6138441179443561,202.20954280724942,38.02745182624193,-,0.0018815833446422592,mix,0.49727455092418144,,477.9694717102684,,0.0008660461176646095,,,,,475.44673884576594,345.5833239747153,20.0,0.08026822675030532,5.168150202018278,704.0323288409438,7.316921366706339,51.52687613666788,0.0,3.6002651810139032,,,,,,
93,6.975,1.5918421012540633,202.20440327002203,38.02659046787494,-,0.0018305136553672247,mix,0.49047964670828675,,483.10900893766666,,0.0008613583669898617,,,,,473.28839150932885,350.72286120211356,20.0,0.08220462581564802,5.139537227386425,713.5815544832934,7.237837080913802,51.52687613666788,0.0,3.6002651810139032,,,,,,
94,7.05,1.5699045502693805,202.1992928314884,38.02573387833701,-,0.0017802965604149287,mix,0.4837051152983377,,488.21944747128873,,0.0008565895379319954,,,,,471.1751030871145,355.83329973573564,20.0,0.08418193288358582,5.110438533634509,723.1021490626528,7.158772824462253,51.52687613666788,0.0,3.6002651810139032,,,,,,
95,7.125,1.54803033425131,202.19421197686026,38.02488213858146,-,0.0017309232011836829,mix,0.476950604330537,,493.3003020994365,,0.0008517397555465323,,,,,469.10523136169934,360.9141543638834,20.0,0.0862017179096139,5.080854628134229,732.5946065096914,7.079722745840347,51.52687613666788,0.0,3.6002651810139032,,,,,,
96,7.199999999999999,1.5262183588233234,202.18916119108377,38.02403532947676,-,0.0016823849625110764,mix,0.4702157726270263,,498.35108787592617,,0.0008468091047006965,,,,,467.07721864987946,365.9649401403731,20.0,0.08826562671529427,5.05078577649815,742.0594050438724,7.000681033459737,51.52687613666788,0.0,3.6002651810139032,,,,,,
97,7.2749999999999995,1.5044675642652574,202.18414095907931,38.02319353184731,-,0.0016346734621795825,mix,0.4635002896692881,,503.3713198803598,,0.0008417976294481377,,,,,465.08958621784296,370.9851721448067,20.0,0.09037538598447016,5.020232004419745,751.4970079126232,6.9216419072406,51.52687613666788,0.0,3.6002651810139032,,,,,,
98,7.35,1.4827769239115067,202.1791517659805,38.02235682651326,-,0.0015877805410351273,mix,0.45680383510370814,,508.3605129791831,,0.0008367053340521124,,,,,463.1409291442676,375.97436524363,20.0,0.09253280864073646,4.989193098836713,760.9078640853477,6.842599610366777,51.52687613666788,0.0,3.6002651810139032,,,,,,
99,7.425,1.461145442645635,202.17419409737207,38.021525294330104,-,0.0015416982536740525,mix,0.45012609827688055,,513.318181587616,,0.0008315321831560141,,,,,461.229911589275,380.9320338520629,20.0,0.09473979964229756,4.957668608430891,770.2924089056688,6.763548401173307,51.52687613666788,0.0,3.6002651810139032,,,,,,
100,7.5,1.4395721554842487,202.1692684395286,38.02069901622872,-,0.001496418859657786,mix,0.44346677779845134,,518.2438394310884,,0.0008262781013854692,,,,,459.35526243168295,385.8576916955353,20.0,0.0969983622341762,4.925657843473047,779.651064704992,6.684482545130013,51.52687613666788,0.0,3.6002651810139032,,,,,,
101,7.574999999999999,1.4180535415671451,202.1643752796536,38.01989549136124,-,0.0014519341364897995,mix,0.43682547902922114,,523.1369993060944,,0.0008035248674786999,,,,,457.51577124096417,390.7508515705413,20.0,0.09931060470203906,4.893159875016625,788.9842413802102,6.605396306885846,51.52687613666788,0.0,3.6002651810139032,,,,,,
102,7.6499999999999995,1.3965767903965687,202.15951511207822,38.019196468521955,-,0.0014082335353209174,mix,0.4302014253237984,,527.9971668814542,,0.000699022839285135,,,,,455.71044757832595,395.6110191459011,20.0,0.10167881538569855,4.860167575360157,798.2923593354695,6.526278575548324,51.52687613666788,0.0,3.6002651810139032,,,,,,
103,7.725,1.375155804505395,202.15468846027343,38.01850215886833,-,0.0013653133900522808,mix,0.4235948569900445,,532.8238186862436,,0.000694309653624714,,,,,453.9389497604445,400.4376709506905,20.0,0.10410567127365866,4.82665180479494,807.5759321769365,6.447098617285141,51.52687613666788,0.0,3.6002651810139032,,,,,,
104,7.8,1.3537897255786793,202.14989581536102,38.017812637181976,-,0.0013231667319678142,mix,0.41700550696351446,,537.6164635986497,,0.0006895216863540554,,,,,452.1992737647506,405.2303158630966,20.0,0.1065932914034134,4.792644912420387,816.8353336871278,6.367880844302642,51.52687613666788,0.0,3.6002651810139032,,,,,,
105,7.875,1.3324777196855604,202.14513767038062,38.01712797362302,-,0.0012817867596096838,mix,0.4104331156180684,,542.3746085790626,,0.0006846635589567995,,,,,450.49041854652125,409.98846084350953,20.0,0.1091442869314194,4.7581449804113385,826.0709272402128,6.288619438071062,51.52687613666788,0.0,3.6002651810139032,,,,,,
106,7.949999999999999,1.3112189760137043,202.1404145205426,38.016448238625856,-,0.0012411668323313633,mix,0.4038774304336153,,547.097758417076,,0.0006797349971634503,,,,,448.8114276228225,414.71161068152287,20.0,0.11176141751628653,4.723149838026686,835.2830662282438,6.209308539910588,51.52687613666788,0.0,3.6002651810139032,,,,,,
107,8.025,1.2900127059256061,202.13572686348633,38.01577350293468,-,0.0012013004643360488,mix,0.3973382057048994,,551.785415473365,,0.000674735691177375,,,,,447.16138650675225,419.3992677378119,20.0,0.11444760237532592,4.687657056275613,844.4720944696148,6.12994224158713,51.52687613666788,0.0,3.6002651810139032,,,,,,
108,8.1,1.2688581420648788,202.13107519954403,38.015103837640936,-,0.0011621813190167533,mix,0.3908152022657066,,556.4370794156566,,0.0006696652937421277,,,,,445.5394203349741,424.05093168010353,20.0,0.11720593231366772,4.651663942278793,853.6383465958528,6.0505145768104205,51.52687613666788,0.0,3.6002651810139032,,,,,,
109,8.174999999999999,1.247754537509383,202.12646003201118,38.014439314220624,-,0.001123803203579157,mix,0.38430818722749055,,561.0522469485004,,0.0006645234203119799,,,,,443.94469165829787,428.6660992129473,20.0,0.12003968285183096,4.615167532850736,862.7821484181634,5.971019512508655,51.52687613666788,0.0,3.6002651810139032,,,,,,
110,8.25,1.2267011649680826,202.12188186742392,38.01378000457305,-,0.0010861600639295542,mix,0.37781693373147857,,565.6304115357634,,0.0006593096475739912,,,,,442.37639838216364,433.2442638002103,20.0,0.12295232857188058,4.578164587265354,871.9038172750371,5.891450939839945,51.52687613666788,0.0,3.6002651810139032,,,,,,
111,8.325,1.2056973160188704,202.11734121584476,38.013125981060625,-,0.0010492459798116507,mix,0.37134122071339726,,570.1710631149181,,0.0006540235124248284,,,,,440.833771845084,437.784915379365,20.0,0.12594755881755668,4.540651579160397,881.0036623621266,5.811802664897718,51.52687613666788,0.0,3.6002651810139032,,,,,,
112,8.4,1.184742300384801,202.11283859115724,38.01247731654928,-,0.0010130551601771323,mix,0.36488083268002386,,574.6736878024531,,0.000648664511345487,,,,,439.3160750241971,442.28754006689996,20.0,0.12902929490120105,4.502624687530257,890.0819850455129,5.732068399065134,51.52687613666788,0.0,3.6002651810139032,,,,,,
113,8.475,1.1638354452462694,202.10837451137047,38.011834084451095,-,0.0009775819387759738,mix,0.3584355594968169,,579.1377675892145,,0.0006432320981843986,,,,,437.8226008580585,446.7516198536614,20.0,0.13220170899034073,4.464079786749378,899.1390791593944,5.6522417489702255,51.52687613666788,0.0,3.6002651810139032,,,,,,
114,8.549999999999999,1.1429760945870173,202.1039494989349,38.01119635876728,-,0.0009428207699535592,mix,0.35200519618595255,,583.5627800247748,,0.0006377256838163703,,,,,436.35267067767086,451.17663228922174,20.0,0.13546924486984893,4.425012435560589,908.1752312891617,5.572316205989658,51.52687613666788,0.0,3.6002651810139032,,,,,,
115,8.625,1.1221636085718127,202.09956408106996,38.01056421413358,-,0.0009087662246424886,mix,0.34558954273412135,,587.9481978897238,,0.0006321446336983172,,,,,434.9056327375524,455.5620501541707,20.0,0.13883664080216654,4.385417864954355,917.1907210407427,5.492285135245322,51.52687613666788,0.0,3.6002651810139032,,,,,,
116,8.7,1.1013978805048945,202.09521879010512,38.00992734684502,-,0.0008754133118064641,mix,0.33918846692394367,,592.2934888545715,,0.0006368672885628257,,,,,433.48086083934425,459.9073411190184,20.0,0.14230895473880892,4.345290964854943,926.1858212970499,5.412141764032468,51.52687613666788,0.0,3.6002651810139032,,,,,,
117,8.775,1.0806823963060528,202.0909141617073,38.00920313168422,-,0.0008427594045313054,mix,0.33280229123003396,,596.5981172523752,,0.0007242151608011227,,,,,432.07765826667213,464.21196951682214,20.0,0.14589157889903628,4.304628397814296,935.16078551967,5.33187915410765,51.52687613666788,0.0,3.6002651810139032,,,,,,
118,8.85,1.0600120981818613,202.08665072042712,38.0084856936179,-,0.0008107968224672666,mix,0.3264303440847922,,600.8615585325751,,0.0007174380663172997,,,,,430.6946952074868,468.47541079702205,20.0,0.14959017739176658,4.263441280198096,944.1157580981592,5.251490402164499,51.52687613666788,0.0,3.6002651810139032,,,,,,
119,8.924999999999999,1.0393864021058166,202.08242901582346,38.007775120071244,-,0.0007795205328899609,mix,0.3200724420442231,,605.0832631362136,,0.0007105735466552687,,,,,429.33229305935396,472.69711540066055,20.0,0.1534110068803769,4.221704603638953,953.0509951379506,5.170969608559766,51.52687613666788,0.0,3.6002651810139032,,,,,,
120,9.0,1.0188047374222926,202.07824960407712,38.0070715026373,-,0.0007489256028359387,mix,0.3137284057862014,,609.2626748825714,,0.0007036174339418722,,,,,427.98991464160974,476.87652714701835,20.0,0.15736070733653162,4.179411746362111,961.9667469169681,5.0903093142151095,51.52687613666788,0.0,3.6002651810139032,,,,,,
121,9.075,0.9982665465243967,202.0741130484197,38.006374934012854,-,0.0007190071961242678,mix,0.3073980599814725,,613.3992305400025,,0.0006965686244484459,,,,,426.66704265638793,481.01308280444937,20.0,0.16144641073844027,4.136555657438868,970.8632580925874,5.009501853211285,51.52687613666788,0.0,3.6002651810139032,,,,,,
122,9.15,0.9777712844047449,202.07001991958543,38.00568550806997,-,0.0006897605704242061,mix,0.301081233154582,,617.4923593742424,,0.0006894259428804617,,,,,425.36317874274476,485.1062116386893,20.0,0.16567578806095934,4.093128834225528,979.7407678960917,4.928539336708124,51.52687613666788,0.0,3.6002651810139032,,,,,,
123,9.225,0.9573184182259843,202.0659707962881,38.00500331993095,-,0.000661181074447148,mix,0.294777757550864,,621.5414826715714,,0.000682188139023765,,,,,424.07784258234784,489.15533493601833,20.0,0.17005710179830366,4.049123297321687,988.5995103185844,4.847413635132029,51.52687613666788,0.0,3.6002651810139032,,,,,,
124,9.299999999999999,0.9369074269099055,202.06196626572498,38.00432846604804,-,0.0006332641452563019,mix,0.2884874690091386,,625.5460132347071,,0.0006748538829128847,,,,,422.81057105663575,493.15986549915397,20.0,0.1745992647766161,4.004530563145966,997.4397142888374,4.766116359026312,51.52687613666788,0.0,3.6002651810139032,,,,,,
125,9.375,0.9165378007441629,202.0580069241111,38.003661044287526,-,0.0006060053056880318,mix,0.2822102068398043,,629.5053548485739,,0.0006674217605109334,,,,,421.56091745196426,497.1192071130208,20.0,0.17931190615705903,3.9593416138805004,1006.2616038435177,4.684638838411854,51.52687613666788,0.0,3.6002651810139032,,,,,,
126,9.45,0.8962090410056327,202.0540933772466,38.003001154018534,-,0.0005794001618791592,mix,0.2759458137080263,,633.4189017130702,,0.0006598902689916031,,,,,420.3284507095235,501.03275397751713,20.0,0.18420544568094738,3.913546864502048,1015.0653982902106,4.602972100486832,51.52687613666788,0.0,3.6002651810139032,,,,,,
127,9.525,0.8759206595994692,202.05022624112001,38.002348896207764,-,0.0005534444008948488,mix,0.2696941355217325,,637.2860378396581,,0.0006522578107706067,,,,,419.112754717058,504.899890104105,20.0,0.18929117738843387,3.8671361265787336,1023.8513123636296,4.52110684547189,51.52687613666788,0.0,3.6002651810139032,,,,,,
128,9.6,0.8556721787130414,202.04640614255158,38.00170437352,-,0.0005281337884520752,mix,0.2634550213241574,,641.1061364081106,,0.0006445226877644927,,,,,417.91342763964565,508.7199886725575,20.0,0.1945813642577435,3.8200985684662436,1032.6195563753818,4.4390334203813735,51.52687613666788,0.0,3.6002651810139032,,,,,,
129,9.674999999999999,0.8354631304839304,202.0426337198801,38.00106769042526,-,0.0005034641667339485,mix,0.25722832319068056,,644.8785590796033,,0.0006366830947399649,,,,,416.7300812870001,512.4924113440502,20.0,0.20008934547089255,3.7724226714852684,1041.3703363576324,4.356741790471617,51.52687613666788,0.0,3.6002651810139032,,,,,,
130,9.75,0.8152930566812325,202.0389096236985,38.000438953313335,-,0.00047943145229046956,mix,0.2510138961297238,,648.602655261202,,0.000628737111924238,,,,,415.56234051494886,516.2165075256489,20.0,0.2058296583242363,3.724096181600827,1050.103854200995,4.274221508082283,51.52687613666788,0.0,3.6002651810139032,,,,,,
131,9.825,0.7951615446341189,202.0352345176424,37.9998442319569,-,0.00045603102721264617,mix,0.24481143511072548,,652.2777613172657,,0.000594721356435457,,,,,414.4098426589098,519.8916135817126,20.0,0.2118181771806057,3.6751060560528455,1058.8203077869534,4.191461678546095,51.52687613666788,0.0,3.6002651810139032,,,,,,
132,9.9,0.7750680537829797,202.03160908014527,37.99931921680604,-,0.0004332580879559244,mix,0.2386205504371837,,655.9031988143979,,0.000525015150856234,,,,,413.27220826242694,523.5170510788448,20.0,0.2180723714322363,3.6254374971289423,1067.5199189379366,4.108451341824922,51.52687613666788,0.0,3.6002651810139032,,,,,,
133,9.975,0.755011834547684,202.02803400604944,37.998801297163595,-,0.00041111005462320365,mix,0.23244143775190212,,659.478272910259,,0.0005179196424478505,,,,,412.14905516682876,527.0921251747059,20.0,0.2246114808595227,3.575074095862001,1076.2029435678326,4.025178522462424,51.52687613666788,0.0,3.6002651810139032,,,,,,
134,10.049999999999999,0.7349924718980424,202.02451000439152,37.998290572292774,-,0.0003895831503798075,mix,0.22627396465439292,,663.0022745681636,,0.0005107248708213774,,,,,411.04011438437243,530.6161268326105,20.0,0.23145629341619545,3.5240016579168016,1084.8695664676554,3.9416287476854093,51.52687613666788,0.0,3.6002651810139032,,,,,,
135,10.125,0.7150095590506244,202.0210378010861,37.997787143484516,-,0.000368673662681986,mix,0.2201180012373068,,666.4744778735912,,0.0005034288082583771,,,,,409.9450687807995,534.0883301380381,20.0,0.23862989310582497,3.472203305431267,1093.5199689042554,3.8577889274710797,51.52687613666788,0.0,3.6002651810139032,,,,,,
136,10.2,0.6950626972090187,202.01761814008404,37.997291114440884,-,0.0003483779416195335,mix,0.2139734200070365,,669.8941388756502,,0.0004960290436315518,,,,,408.8636112543986,537.5079911400971,20.0,0.2461577767050671,3.419661002069131,1102.154328728271,3.773645294355111,51.52687613666788,0.0,3.6002651810139032,,,,,,
137,10.275,0.6751514953240462,202.01425178463236,37.9968025914406,-,0.00032869239832457764,mix,0.20784009580831586,,673.2604943273182,,0.0004885230002855678,,,,,407.79544432519265,540.8743465917651,20.0,0.25406818038195866,3.366355451666923,1110.7728204783782,3.6891833414242226,51.52687613666788,0.0,3.6002651810139032,,,,,,
138,10.35,0.6552755698626056,202.01170133943629,37.996321683518886,-,0.00030961350343908825,mix,0.20171790575138235,,675.8109395233914,,0.0004809079217125145,,,,,406.740279744837,543.4247917878383,20.0,0.33060426835072854,2.5504451960600996,1119.3756154817975,3.6043877531723028,51.52687613666788,0.0,3.6002651810139032,,,,,,
139,10.424999999999999,0.6354297639467421,202.00912711880753,37.99595733420517,-,0.000291135718890847,mix,0.19560603484748043,,678.3851601521601,,0.00036434931371331913,,,,,405.69783812577793,545.999012416607,20.0,0.3340824213136694,2.574220628764907,1127.9628819512548,3.519242328097168,51.52687613666788,0.0,3.6002651810139032,,,,,,
140,10.5,0.6156188619269671,202.00652876225175,37.99558958840106,-,0.0002732577927246132,mix,0.1895050474126858,,680.9835167079291,,0.0003677458041124737,,,,,404.66772773798317,548.597368972376,20.0,0.3376133313688821,2.598356555760016,1136.5349000063864,3.4337101683280498,51.52687613666788,0.0,3.6002651810139032,,,,,,
141,10.575,0.5958425137042761,202.0039058832491,37.99521839460738,-,0.0002559763968496555,mix,0.1834148371692787,,683.6063957105798,,0.00037119379368277805,,,,,403.64980764151863,551.2202479750267,20.0,0.34119950437845475,2.622879002655561,1145.0918194884046,3.347793969318771,51.52687613666788,0.0,3.6002651810139032,,,,,,
142,10.65,0.5761003759837018,202.0012580682312,37.994843697606996,-,0.00023928825361782047,mix,0.17733529995349584,,686.2542107284826,,0.0003746970003817296,,,,,402.64382465636425,553.8680629929295,20.0,0.3448448373067387,2.6478150178897715,1153.6337873056507,3.2614743799756782,51.52687613666788,0.0,3.6002651810139032,,,,,,
143,10.725,0.5563921120923555,201.99858487388747,37.99446543831874,-,0.00022319013453571236,mix,0.1712663336625188,,688.9274050722306,,0.00037825928825441224,,,,,401.64953310468115,556.5412573366775,20.0,0.3485536144191141,2.6731943437612777,1162.1609475096325,3.174730744674395,51.52687613666788,0.0,3.6002651810139032,,,,,,
144,10.799999999999999,0.5367173918135467,201.9970496804792,37.99408355341251,-,0.00020767885902223365,mix,0.16520783820514773,,690.4625984804879,,0.000381884906232699,,,,,400.66669452447,558.0764507449348,10.0,0.35233056134223967,1.535193408255162,1170.6734413680608,3.087540959972711,51.52687613666788,0.0,3.6002651810139032,,,,,,
145,10.875,0.5170692634798468,201.99550085056845,37.99386424006849,-,0.00019274869256002955,mix,0.15915864174113895,,692.0114283912408,,0.00021931334401870117,,,,,399.695077396874,559.6252806556877,10.0,0.3561809088292876,1.548829910743558,1179.1714074347612,2.999881310506837,51.52687613666788,0.0,3.6002651810139032,,,,,,
146,10.95,0.49745379457179034,201.99393809454762,37.993642978652645,-,0.0001783990238592813,mix,0.15311958404624612,,693.5741844120785,,0.00022126141584521974,,,,,398.73428050008727,561.1880366765254,10.0,0.36011218717778504,1.5627560208346385,1187.655155501592,2.91169764461392,51.52687613666788,0.0,3.6002651810139032,,,,,,
147,11.025,0.47787067254735227,201.9923610976851,37.993419727792514,-,0.00016462684406646195,mix,0.1470905697414077,,695.1511812745885,,0.00022325086013097462,,,,,397.78424343600614,562.7650335390354,10.0,0.36412932089542693,1.576996862503838,1196.1248199675074,2.8229894364604986,51.52687613666788,0.0,3.6002651810139032,,,,,,
148,11.1,0.45831959062613226,201.9907695187519,37.99319444252643,-,0.0001514291878099479,mix,0.14107150523775042,,696.742760207766,,0.0002252852660831195,,,,,396.84475435939635,564.3566124722129,10.0,0.36823958545731955,1.5915789331740762,1204.580532752069,2.7337268130937775,51.52687613666788,0.0,3.6002651810139032,,,,,,
149,11.174999999999999,0.4388002476451728,201.98916298668553,37.99296707410741,-,0.00013880313215095308,mix,0.1350622986950281,,698.349292274157,,0.00022736841901860316,,,,,395.91560737755447,565.963144538604,10.0,0.37245116908141035,1.6065320664029752,1213.0224233558633,2.6438773240352877,51.52687613666788,0.0,3.6002651810139032,,,,,,
150,11.25,0.41931234792974986,201.9875410966667,37.992737569526525,-,0.0001267457955695347,mix,0.12906285998358805,,699.9711822929967,,0.00022950458088644154,,,,,394.99660233493194,567.5850345574436,10.0,0.3767733329435025,1.6218900188455851,1221.450618918553,2.553405590547979,51.52687613666788,0.0,3.6002651810139032,,,,,,
151,11.325,0.39985560117122076,201.9859034054751,37.992505870952414,-,0.00011525433698109664,mix,0.1230731006487419,,701.6088734845689,,0.00023169857411176054,,,,,394.0875446076152,569.2227257490158,10.0,0.38121660797710577,1.6376911915645544,1229.8652442743626,2.4622728902087596,51.52687613666788,0.0,3.6002651810139032,,,,,,
152,11.4,0.3804297223122048,201.98424942595088,37.992271915067874,-,0.000104325954781887,mix,0.11709293387766771,,703.2628530088114,,0.00023395588453922755,,,,,393.18824490697733,570.8767052732583,10.0,0.3857930387364716,1.6539795242328676,1238.266422005005,2.3704366612588994,51.52687613666788,0.0,3.6002651810139032,,,,,,
153,11.475,0.3610344314395161,201.98257862033657,37.992035632278714,-,9.395788592199928e-05,mix,0.11112227446902691,,704.9336586231075,,0.00023628278916021372,,,,,392.298519092052,572.5475108875544,10.0,0.3905164884648063,1.670805614289283,1246.654272490031,2.277849906606174,51.52687613666788,0.0,3.6002651810139032,,,,,,
154,11.549999999999999,0.34166945368547313,201.98089039220426,37.99179694576236,-,8.414740500438702e-05,mix,0.10516103880555198,,706.6218867554271,,0.00023868651635439164,,,,,391.418187990219,574.235739019874,10.0,0.3954030247151194,1.6882281323058044,1255.0289139545541,2.1844604710288644,51.52687613666788,0.0,3.6002651810139032,,,,,,
155,11.625,0.32233451913840866,201.9791840765717,37.9915557703149,-,7.489182340836064e-05,mix,0.09920914482994818,,708.3282023879874,,0.00024117544745649866,,,,,390.54707722581946,575.9420546524343,10.0,0.40047141238292977,1.7063156325472855,1263.3904625142723,2.090210156376773,51.52687613666788,0.0,3.6002651810139032,,,,,,
156,11.7,0.3030293627636257,201.97745892767327,37.99131201093883,-,6.618848843600651e-05,mix,0.09326651202459557,,710.0533512864204,,0.00024375937607601372,,,,,389.6850170563599,577.6672035508673,10.0,0.40574375204291,1.7251488984413794,1271.7390322176536,1.9950336272531652,51.52687613666788,0.0,3.6002651810139032,,,,,,
157,11.775,0.2837537243364396,201.97571410364955,37.99106556109621,-,5.8034782479850425e-05,mix,0.08733306139570216,,711.798175310134,,0.0002464498426206774,,,,,388.83184221599714,579.4120275745809,10.0,0.4112463180040819,1.744824023723236,1280.0747350851047,1.8988570420505706,51.52687613666788,0.0,3.6002651810139032,,,,,,
158,11.85,0.2645073483896931,201.97394864712606,37.990816300521374,-,5.0428122209966396e-05,mix,0.08140871546282444,,713.5636318336183,,0.0002492605748329879,,,,,387.9873917660446,581.1774840980652,10.0,0.4170106757811011,1.765456523493794,1288.3976811448508,1.8015963185365826,51.52687613666788,0.0,3.6002651810139032,,,,,,
159,11.924999999999999,0.24528998417905812,201.97216146021003,37.99056409244656,-,4.336595777849809e-05,mix,0.07549339825502677,,715.3508187496627,,0.000252208074812188,,,,,387.15150895228464,582.9646710141096,10.0,0.4230751983078225,1.787186916045916,1296.7079784651573,1.703154904949311,51.52687613666788,0.0,3.6002651810139032,,,,,,
160,12.0,0.226101385670931,201.97035127175747,37.990308780030034,-,3.6845772039246474e-05,mix,0.06958703531549547,,717.1610072022304,,0.0002553124165274312,,,,,386.3240410689401,584.7748594666773,10.0,0.4294871640308185,1.8101884525753986,1305.00573318237,1.6034208692529612,51.52687613666788,0.0,3.6002651810139032,,,,,,
161,12.075,0.20694131155993292,201.96851659369304,37.990050181679635,-,3.086507977948707e-05,mix,0.06368955371723586,,718.995685266651,,0.0002585983503990974,,,,,385.50483932923976,586.6095375310979,10.0,0.43630572595132255,1.8346780644220042,1313.2910495240385,1.5022630278684868,51.52687613666788,0.0,3.6002651810139032,,,,,,
162,12.15,0.1878091619232264,201.96665566142028,37.98978808481331,-,2.5421426960434882e-05,mix,0.057800882093737224,,720.8566175393935,,0.00026209686632228113,,,,,384.6937587426261,588.4704698038404,10.0,0.4436062227532489,1.8609322727381012,1321.5640298260835,1.3995256876865987,51.52687613666788,0.0,3.6002651810139032,,,,,,
163,12.225,0.16870508531000697,201.9647663501174,37.98952223734574,-,2.0512396264748563e-05,mix,0.05192095866773223,,722.7459288422833,,0.0002658474675740763,,,,,383.8905421758818,590.3597811067302,10.0,0.4514867601086223,1.8893113028826585,1329.824772815922,1.2950182208212369,51.52687613666788,0.0,3.6002651810139032,,,,,,
164,12.299999999999999,0.14962895784193486,201.96284605488802,37.98925233573107,-,1.613559299137706e-05,mix,0.04604971737272591,,724.6662240716687,,0.0002699016146721078,,,,,383.09513985221616,592.2800763361156,10.0,0.46007784009100905,1.9202952293879,1338.073376645546,1.18851383852595,51.52687613666788,0.0,3.6002651810139032,,,,,,
165,12.375,0.13058056024133657,201.96089151040115,37.988978007841126,-,1.2288649472090725e-05,mix,0.04018709207997608,,726.620768558525,,0.00027432788994019575,,,,,382.30744506760374,594.2346208229719,10.0,0.4695588234982701,1.9545444868638946,1346.309937982486,1.0797257472581354,51.52687613666788,0.0,3.6002651810139032,,,,,,
166,12.45,0.1115596793628034,201.95889850867943,37.98869878720018,-,8.96922610725113e-06,mix,0.03433301869425352,,728.6137702802662,,0.00027922064094809684,,,,,381.5273267213994,596.2276225447131,10.0,0.48018538928390553,1.9930017217289353,1354.5345515650847,0.9682844989451499,51.52687613666788,0.0,3.6002651810139032,,,,,,
167,12.525,0.09256610909574416,201.95686143175072,37.98841407266849,-,6.175010514095385e-06,mix,0.028487435474824487,,730.6508472089481,,0.0002847145316877686,,,,,380.7546569694561,598.264699473395,10.0,0.4923393825099202,2.0370769286714476,1362.7473101439232,0.8536997806226182,51.52687613666788,0.0,3.6002651810139032,,,,,,
168,12.6,0.0735996518840061,201.95477241879433,37.988123061678664,-,3.903716581539401e-06,mix,0.02265028356827713,,732.7398601653404,,0.00029101098982664553,,,,,379.98931114453023,600.3537124297873,10.0,0.5066270726080817,2.089012956394325,1370.9483043817547,0.7352925439717255,51.52687613666788,0.0,3.6002651810139032,,,,,,
169,12.674999999999999,0.054660121442592885,201.95261972748452,37.98782463125633,-,2.153083350924906e-06,mix,0.016821507949179946,,734.8925514751754,,0.00029843042233324013,,,,,379.2311676928726,602.5064037396223,10.0,0.5240953009885022,2.15269130983087,1379.137622685392,0.6120661139243018,51.52687613666788,0.0,3.6002651810139032,,,,,,
170,12.75,0.03574734806913966,201.95038401513344,37.98751710392639,-,9.208735497193381e-07,mix,0.011001059237683394,,737.1282638262492,,0.00030752732993732934,,,,,378.48010813785305,604.7421160906961,10.0,0.546787932853664,2.23571235108511,1387.3153509170224,0.4824289415335188,51.52687613666788,0.0,3.6002651810139032,,,,,,
171,12.825,0.02891485521562325,201.94833714909225,37.98719771644767,-,3.513289999488261e-07,mix,0.0051888977246492005,,739.1751298674208,,0.00031938747872573003,,,,,377.736017096393,606.7889821318677,10.0,0.4950178230277065,2.0468660411784003,1395.4815718690136,0.07356860216362236,51.52687613666788,0.0,3.6002651810139032,,,,,,
172,12.9,0.02891485521562325,201.94734742786366,37.98690530701322,-,0.0,liq,0.0,,740.1648510960222,,0.00029240943445074663,,,,,376.9987824203135,607.7787033604691,5.0,0.7228863168220834,0.9897212286117151,1403.6363642025794,0.07356866778502472,51.52687613666788,0.0,3.6002651810139032,,,,,,
173,12.975,0.028910157050830717,201.9472462222449,37.92680374465533,1230.9,0.007609059715048043,liq,0.0,,740.2660567147832,,0.060101562357885996,,,,,,,,,,,,,,,0.1012056187610142,0.5750154598374522,0.07356872786351376,51.52687613666788,0.0,3.6002651810139032
174,13.049999999999999,0.028907808540915944,201.94714495648427,37.86713866686284,1231.0,0.00760905971504804,liq,0.0,,740.3673224754166,,0.059665077792487864,,,,,,,,,,,,,,,0.20247137939441018,1.1458235491408426,0.07358448659406441,51.52687613666788,0.0,3.6002651810139032
175,13.125,0.02890311266558442,201.94704362547463,37.807905923331134,1231.2,0.007609059715048045,liq,0.0,,740.4686534850625,,0.05923274353170882,,,,,,,,,,,,,,,0.3038023890403565,1.712450481889191,0.07359979288627498,51.52687613666788,0.0,3.6002651810139032
176,13.2,0.028900765299981757,201.946942235465,37.74910181090769,1231.3,0.007609059715048043,liq,0.0,,740.5700434946921,,0.058804112423445076,,,,,,,,,,,,,,,0.40519239866989665,2.2749323379606285,0.073615993238084,51.52687613666788,0.0,3.6002651810139032
177,13.275,0.028896242574267924,201.94684077878136,37.69072817890725,1231.4927182109275,0.007609059715048043,liq,0.0,,740.6715001783159,,0.0583736320004391,,,,,,,,,,,,,,,0.506649082293734,2.8332964985620617,0.07363196921893206,51.52687613666788,0.0,3.6002651810139032
178,13.35,0.02889372549031141,201.94673926362648,37.632778113282825,1231.6,0.007609059715048043,liq,0.0,,740.773015333194,,0.05795006562442495,,,,,,,,,,,,,,,0.6081642371718772,3.387565004414907,0.073646969771192,51.52687613666788,0.0,3.6002651810139032
179,13.424999999999999,0.028890265050572638,201.94663768351188,37.575248049559946,1231.747519504401,0.007609059715048043,liq,0.0,,740.8745954477927,,0.05753006372287928,,,,,,,,,,,,,,,0.709744351770496,3.937772590125342,0.07366277481418981,51.52687613666788,0.0,3.6002651810139032
180,13.5,0.028886689109398112,201.9465360435144,37.51813833374399,1231.9,0.007609059715048045,liq,0.0,,740.9762354452687,,0.05710971581595459,,,,,,,,,,,,,,,0.8113843492465094,4.483939391449221,0.07367742311590333,51.52687613666788,0.0,3.6002651810139032
181,13.575,0.028884344410606763,201.94643434471948,37.46144509711422,1232.0,0.007609059715048043,liq,0.0,,741.0779342401947,,0.05669323662976922,,,,,,,,,,,,,,,0.9130831441725604,5.0261005692592935,0.07369296917129255,51.52687613666788,0.0,3.6002651810139032
182,13.65,0.028879656154737487,201.94633258200096,37.40516337879046,1232.2,0.007609059715048043,liq,0.0,,741.1796969587158,,0.05628171832375983,,,,,,,,,,,,,,,1.014845862693619,5.564283545150734,0.07370838687186167,51.52687613666788,0.0,3.6002651810139032
183,13.725,0.028877312597474267,201.94623076415687,37.34929117041116,1232.3,0.007609059715048045,liq,0.0,,741.2815148028312,,0.05587220837929863,,,,,,,,,,,,,,,1.1166637068090495,6.098508148414526,0.07372265044570787,51.52687613666788,0.0,3.6002651810139032
184,13.799999999999999,0.028873523719681923,201.94612888345938,37.293829358173184,1232.4617064182685,0.007609059715048043,liq,0.0,,741.3833955003065,,0.0554618122379793,,,,,,,,,,,,,,,1.21854440428433,6.628808730735808,0.07373781511338402,51.52687613666788,0.0,3.6002651810139032
185,13.875,0.028870284207259077,201.9460269455451,37.238770725016764,1232.6,0.007609059715048045,liq,0.0,,741.4853334145737,,0.055058633156420456,,,,,,,,,,,,,,,1.3204823185515124,7.155212403910087,0.07375285330097515,51.52687613666788,0.0,3.6002651810139032
186,13.95,0.028866563660115235,201.94592494900476,37.18411329293127,1232.7588670706873,0.007609059715048043,liq,0.0,,741.5873299549276,,0.054657432085491564,,,,,,,,,,,,,,,1.4224788589053787,7.677738691325585,0.07376673993191094,51.52687613666788,0.0,3.6002651810139032
187,14.025,0.02886325923746251,201.94582289352041,37.129857917281754,1232.9,0.007609059715048043,liq,0.0,,741.6893854392692,,0.0542553756495181,,,,,,,,,,,,,,,1.524534343247069,8.196421310116412,0.07378153021739037,51.52687613666788,0.0,3.6002651810139032
188,14.1,0.02886091834052517,201.9457207806944,37.07599752472805,1233.0,0.007609059715048043,liq,0.0,,741.7914982652874,,0.053860392553701786,,,,,,,,,,,,,,,1.6266471692651976,8.711286898880202,0.07379619659300059,51.52687613666788,0.0,3.6002651810139032
189,14.174999999999999,0.028856829573364287,201.94561860763386,37.02252943936014,1233.174705606399,0.007609059715048043,liq,0.0,,741.8936713258154,,0.05346808536791059,,,,,,,,,,,,,,,1.7288202297932003,9.222361636394446,0.07381074123867601,51.52687613666788,0.0,3.6002651810139032
190,14.25,0.028853897927404146,201.94551638104087,36.96945576578048,1233.3,0.007609059715048043,liq,0.0,,741.9958979187941,,0.05307367357966086,,,,,,,,,,,,,,,1.8310468227718957,9.729666388509866,0.07382439752781543,51.52687613666788,0.0,3.6002651810139032
191,14.325,0.028851558548619698,201.94541409733444,36.916769205352864,1233.4,0.007609059715048045,liq,0.0,,742.0981816252461,,0.05268656042761677,,,,,,,,,,,,,,,1.9333305292238947,10.23323082972788,0.07383843986487469,51.52687613666788,0.0,3.6002651810139032
192,14.399999999999999,0.028847926189897906,201.94531175491963,36.86446976320599,1233.5553023679402,0.007609059715048043,liq,0.0,,742.2005240400613,,0.05229944214687521,,,,,,,,,,,,,,,2.0356729440391064,10.733082438171275,0.07385262274694622,51.52687613666788,0.0,3.6002651810139032
193,14.475,0.028845129704992537,201.94520935748264,36.812553300837294,1233.6748933983254,0.007609059715048045,liq,0.0,,742.3029214770359,,0.05191646236869474,,,,,,,,,,,,,,,2.1380703810136765,11.229246978892265,0.07386668632294217,51.52687613666788,0.0,3.6002651810139032
194,14.549999999999999,0.028842719896240637,201.94510690282823,36.76101654276101,1233.777966914478,0.007609059715048043,liq,0.0,,742.4053761314426,,0.05153675807628133,,,,,,,,,,,,,,,2.2405250354204327,11.721753324497083,0.0738811477089472,51.52687613666788,0.0,3.6002651810139032
195,14.625,0.028838451585553496,201.9450043912143,36.709856135150915,1233.9605754593965,0.007609059715048045,liq,0.0,,742.5078877453925,,0.05116040761009799,,,,,,,,,,,,,,,2.343036649370333,12.210622986343358,0.073894913084645,51.52687613666788,0.0,3.6002651810139032
196,14.7,0.0288356175222333,201.94490182973973,36.65907333300868,1234.0818533339827,0.007609059715048045,liq,0.0,,742.6104492199374,,0.05078280214223696,,,,,,,,,,,,,,,2.4455981239152607,12.695875878209554,0.0739077531413203,51.52687613666788,0.0,3.6002651810139032
197,14.774999999999999,0.028833261918766197,201.9447992117191,36.608662673600975,1234.1826746527981,0.007609059715048045,liq,0.0,,742.7130672405765,,0.05041065940770295,,,,,,,,,,,,,,,2.548216144554317,13.177541378992188,0.07392111463242958,51.52687613666788,0.0,3.6002651810139032
198,14.85,0.02883092407786426,201.94469653755388,36.55862399413519,1234.2827520117296,0.007609059715048045,liq,0.0,,742.8157414057932,,0.05003867946578566,,,,,,,,,,,,,,,2.650890309771057,13.655645763749275,0.07393457922919164,51.52687613666788,0.0,3.6002651810139032
199,14.924999999999999,0.028826686557569637,201.94459380812523,36.50895213407654,1234.4641914636939,0.007609059715048043,liq,0.0,,742.9184708344401,,0.04967186005865187,,,,,,,,,,,,,,,2.7536197384179104,14.130214023848321,0.07394794447077802,51.52687613666788,0.0,3.6002651810139032
200,15.0,0.028823965871780096,201.94449102859645,36.45964390942328,1234.5807121811536,0.007609059715048043,liq,0.0,,743.0212503632356,,0.04930822465325946,,,,,,,,,,,,,,,2.856399267213419,14.601270814366076,0.07396121173555831,51.52687613666788,0.0,3.6002651810139032
